iteration,beta,loss_a,loss_b,loss,L2-error,objective-error,constraint-error,runtime
0,100.0,0.06849401,4.8531834e-05,0.0709206,0.006150949,0.2590158,0.0006276867,3.760016441345215
100,164.4631,0.045440454,1.3993805e-06,0.04555553,0.00086324185,0.21339595,0.00016178466,6.533156156539917
200,270.48108,0.02847919,7.8281846e-07,0.02858506,0.0007125336,0.17374964,0.00010207598,8.731971740722656
300,444.84167,0.019689975,7.9888247e-07,0.019867664,0.0007035163,0.14169963,7.062658e-05,10.909958600997925
400,731.6004,0.01583546,1.0784189e-06,0.016229946,0.00080397545,0.12266553,7.3432355e-05,13.105980157852173
500,1005.9068,0.013060339,7.4124716e-07,0.013433152,0.0006713661,0.115320474,4.802392e-05,15.329963207244873
600,1005.9068,0.012705667,3.1870138e-07,0.012865959,0.00045927073,0.11278581,1.2663947e-05,17.56997537612915
700,1005.9068,0.012321146,1.4941115e-07,0.012396293,0.00030379056,0.111338444,2.0988304e-05,19.74997091293335
800,1005.9068,0.01194737,1.09569896e-07,0.012002478,0.00022353351,0.11002001,3.8570117e-05,21.93001437187195
900,1005.9068,0.0119195925,1.0913632e-07,0.011974483,0.00019427511,0.10858137,4.784647e-05,24.12998628616333
1000,1005.9068,0.011646526,1.14062026e-07,0.011703894,0.0001827657,0.10697031,5.3813084e-05,26.309969425201416
1100,1005.9068,0.011024444,1.12090994e-07,0.011080821,0.00018380802,0.105121985,5.4532968e-05,28.522024393081665
1200,1005.9068,0.010327894,1.225124e-07,0.010389512,0.00018789658,0.10298721,5.6911158e-05,30.73199439048767
1300,1005.9068,0.0098676365,1.2727497e-07,0.00993165,0.00018653956,0.100533456,5.943354e-05,32.990004777908325
1400,1005.9068,0.009499663,1.286514e-07,0.009564368,0.0001954093,0.097691625,5.8355694e-05,35.190985441207886
1500,1005.9068,0.009098242,1.4843776e-07,0.0091729,0.00019758435,0.09436878,6.129853e-05,37.45998740196228
1600,1005.9068,0.008491192,1.6769981e-07,0.008575537,0.00020681095,0.09050396,6.326727e-05,39.7219979763031
1700,1005.9068,0.0075091124,1.8744484e-07,0.0076033883,0.00021842464,0.08604166,6.508987e-05,42.09100317955017
1800,1005.9068,0.0062042223,2.1571707e-07,0.006312718,0.00023617853,0.08087263,6.752772e-05,47.139113903045654
1900,1005.9068,0.005810147,2.4051946e-07,0.005931117,0.00025530002,0.07504457,6.8869536e-05,51.28196835517883
2000,1005.9068,0.0050158747,2.787135e-07,0.0051560546,0.00027556627,0.06847426,7.122644e-05,54.08524131774902
2100,1005.9068,0.0037436793,3.3115174e-07,0.0039102333,0.00030090866,0.061115813,7.245921e-05,56.44402313232422
2200,1005.9068,0.0027639787,3.6799509e-07,0.002949063,0.00032925833,0.05314656,7.637828e-05,58.829160928726196
2300,1005.9068,0.0020154386,4.1529506e-07,0.0022243126,0.00034913383,0.044904668,7.369107e-05,61.22420144081116
2400,1005.9068,0.0014583927,4.5196606e-07,0.0016857106,0.00036867117,0.036935378,7.252168e-05,63.65250587463379
2500,1005.9068,0.00089062133,4.8550856e-07,0.0011348096,0.00038285155,0.029820768,6.801122e-05,66.11810541152954
2600,1005.9068,0.00060039514,5.120889e-07,0.000857952,0.00039468205,0.024483738,6.467373e-05,68.47207188606262
2700,1005.9068,0.00043802892,5.144844e-07,0.0006967906,0.00039836418,0.020956574,5.863206e-05,70.93468928337097
2800,1005.9068,0.00038429807,5.390879e-07,0.0006554342,0.00040246456,0.019111684,5.43028e-05,73.43637323379517
2900,1005.9068,0.00034939137,5.2994625e-07,0.0006159296,0.00040516414,0.018257305,5.0926807e-05,75.84403491020203
3000,1005.9068,0.00031338286,5.217576e-07,0.00057580264,0.00040340342,0.01792454,4.954658e-05,78.26064085960388
3100,1005.9068,0.00031295564,5.185455e-07,0.0005737599,0.00040162745,0.017765557,4.8189086e-05,80.66991543769836
3200,1005.9068,0.00029560536,5.37128e-07,0.00056575576,0.00040485675,0.017720442,4.7631438e-05,83.01608347892761
3300,1005.9068,0.0003004076,5.049941e-07,0.0005543961,0.0004026158,0.017635126,4.8533144e-05,85.50516104698181
3400,1005.9068,0.00031308352,4.978399e-07,0.0005634738,0.00039645412,0.017617228,4.6641053e-05,87.91850256919861
3500,1005.9068,0.0003251707,4.80298e-07,0.0005667382,0.00038737743,0.017565317,4.545319e-05,90.45715093612671
3600,1005.9068,0.00030642695,4.765324e-07,0.00054610055,0.0003829673,0.017526446,4.4220713e-05,93.07728576660156
3700,1005.9068,0.00028771535,4.7159398e-07,0.00052490516,0.000379889,0.017557262,4.5059467e-05,95.61573767662048
3800,1005.9068,0.000308558,4.4361926e-07,0.0005316778,0.00039073065,0.017485408,4.8738395e-05,98.11319160461426
3900,1005.9068,0.00030907913,4.4695523e-07,0.00053387677,0.00036776738,0.017435461,4.5847883e-05,100.6712737083435
4000,1005.9068,0.0002916308,4.3262375e-07,0.0005092204,0.00036202656,0.017415853,4.57268e-05,103.30800771713257
4100,1005.9068,0.00030618874,4.2226216e-07,0.0005185669,0.00035592768,0.01735635,4.5889174e-05,105.92731046676636
4200,1005.9068,0.00029497742,4.019715e-07,0.00049715035,0.00035058224,0.01733214,4.3214364e-05,108.46004724502563
4300,1005.9068,0.00031303772,3.8651194e-07,0.0005074352,0.0003443672,0.0172744,4.2994932e-05,111.11006999015808
4400,1005.9068,0.00032013303,3.7769425e-07,0.0005100956,0.00033762725,0.017229464,4.3540487e-05,113.69992899894714
4500,1005.9068,0.00028743726,3.6419235e-07,0.00047060905,0.0003350935,0.01717843,4.5297198e-05,116.36383748054504
4600,1005.9068,0.00030333322,3.531176e-07,0.00048093492,0.00032735497,0.017121077,4.3345182e-05,118.99010396003723
4700,1005.9068,0.00028870776,3.3795743e-07,0.00045868458,0.00032874162,0.017068053,4.499611e-05,121.49631309509277
4800,1005.9068,0.00029559774,3.2590225e-07,0.0004595114,0.00031986323,0.017004821,4.471942e-05,124.06006288528442
4900,1005.9068,0.00028155048,3.132196e-07,0.00043908536,0.00030765048,0.016926944,4.33415e-05,126.64011478424072
5000,1005.9068,0.00030562305,3.0622743e-07,0.00045964116,0.00030051396,0.016924165,4.241679e-05,129.2010850906372
5100,1005.9068,0.00025976665,2.8497809e-07,0.00040309734,0.0002996394,0.016854964,4.1684296e-05,131.80030250549316
5200,1005.9068,0.00028758578,2.7955284e-07,0.00042818784,0.0002881032,0.01674711,4.0059338e-05,134.443119764328
5300,1005.9068,0.00027805535,2.710587e-07,0.00041438523,0.00028899912,0.01665279,4.2184656e-05,136.96006608009338
5400,1005.9068,0.0002856729,2.5489143e-07,0.00041387143,0.0002748286,0.016563518,4.0475054e-05,139.61178827285767
5500,1005.9068,0.00026985287,2.4874424e-07,0.00039495964,0.0002792568,0.016484514,4.2326734e-05,142.2603189945221
5600,1005.9068,0.00027272606,2.3224625e-07,0.0003895351,0.00026045775,0.01639019,3.9694318e-05,144.8220670223236
5700,1005.9068,0.00027089415,2.2016188e-07,0.00038162532,0.00025435118,0.016311437,4.004078e-05,147.4799234867096
5800,1005.9068,0.0002703417,2.1242661e-07,0.00037718238,0.00024965926,0.016197914,4.0024042e-05,149.96013236045837
5900,1005.9068,0.00026206567,1.9421773e-07,0.00035974814,0.0002562171,0.016138269,3.731542e-05,152.54985666275024
6000,1005.9068,0.00027928432,1.9147714e-07,0.0003755884,0.00023923714,0.016098937,3.8413025e-05,155.16023707389832
6100,1005.9068,0.000252221,1.8267096e-07,0.00034409598,0.00023424698,0.015923135,3.79551e-05,157.8302788734436
6200,1005.9068,0.00025910937,1.7129675e-07,0.00034526363,0.00023235955,0.015795793,3.9333194e-05,160.6601791381836
6300,1005.9068,0.000246597,1.6066532e-07,0.00032740415,0.000226847,0.015690781,3.8012055e-05,163.67213416099548
6400,1005.9068,0.0002360323,1.6025115e-07,0.00031663117,0.00021089044,0.015587506,3.7053665e-05,166.6381437778473
6500,1005.9068,0.00023957907,1.4887304e-07,0.00031445528,0.00022479873,0.015437553,3.4079476e-05,169.58010506629944
6600,1005.9068,0.00022983145,1.3679502e-07,0.00029863298,0.00022116907,0.015379864,3.7483424e-05,172.4791042804718
6700,1005.9068,0.0002355428,1.3359346e-07,0.0003027341,0.00019563732,0.0151978675,3.457512e-05,175.49028301239014
6800,1005.9068,0.00022617904,1.283472e-07,0.0002907317,0.00019116863,0.015082458,3.4390578e-05,178.4001898765564
6900,1005.9068,0.00023765562,1.263103e-07,0.0003011838,0.00018902062,0.014994874,3.643859e-05,181.3402805328369
7000,1005.9068,0.00022483579,1.1641816e-07,0.0002833887,0.00019150395,0.0149177285,3.7243703e-05,184.1816327571869
7100,1005.9068,0.00021181478,1.09107816e-07,0.0002666909,0.0001770657,0.014708691,3.3170145e-05,187.20034742355347
7200,1005.9068,0.000217515,1.0261993e-07,0.00026912804,0.00017350249,0.014530878,3.3978715e-05,190.00697135925293
7300,1005.9068,0.00021324771,9.7656695e-08,0.00026236448,0.00016857749,0.014412685,3.3449764e-05,192.90017008781433
7400,1005.9068,0.00020245349,9.596556e-08,0.0002507197,0.00017061959,0.01422794,2.9754228e-05,195.9681146144867
7500,1005.9068,0.00019880937,8.8035286e-08,0.00024308702,0.0001695152,0.01407128,3.3699966e-05,198.80018973350525
7600,1005.9068,0.00019264543,8.669812e-08,0.00023625055,0.00015246854,0.013958438,3.183176e-05,201.52034974098206
7700,1005.9068,0.00019000417,8.258738e-08,0.00023154177,0.00015983602,0.013769071,3.190387e-05,204.33032035827637
7800,1005.9068,0.00018137811,7.706517e-08,0.0002201383,0.00014871806,0.013572445,2.8785533e-05,207.24013304710388
7900,1005.9068,0.0001853282,7.383692e-08,0.00022246473,0.00014714418,0.0134168295,3.15321e-05,210.1899290084839
8000,1005.9068,0.00017369258,7.17402e-08,0.00020977456,0.0001458719,0.013234656,2.7455222e-05,213.04993271827698
8100,1005.9068,0.00017805287,6.788454e-08,0.00021219563,0.00013921561,0.013033114,2.7456448e-05,215.85384702682495
8200,1005.9068,0.00016064693,6.26981e-08,0.00019218115,0.00013225131,0.012846457,2.7581442e-05,218.64032745361328
8300,1005.9068,0.00016045317,6.122676e-08,0.00019124738,0.00013422903,0.0126675675,2.7101865e-05,221.5401554107666
8400,1005.9068,0.00015088591,5.7311922e-08,0.00017971115,0.00012606104,0.012541364,2.6464972e-05,224.3101646900177
8500,1005.9068,0.00014448505,5.4985478e-08,0.00017214018,0.00012380269,0.012444265,2.4448282e-05,227.18166637420654
8600,1005.9068,0.00015077296,5.1911904e-08,0.00017688223,0.00011805901,0.012058661,2.6140813e-05,230.04023790359497
8700,1005.9068,0.00012997522,4.8356938e-08,0.0001542965,0.00012253564,0.011882014,2.5598642e-05,232.9022274017334
8800,1005.9068,0.00013035367,4.6855327e-08,0.00015391971,0.00011447903,0.011654546,2.6413281e-05,235.87016820907593
8900,1005.9068,0.00013171097,4.5049372e-08,0.00015436871,0.00011379547,0.011443179,2.3746548e-05,238.80029559135437
9000,1005.9068,0.00013465708,4.2363027e-08,0.0001559637,0.00014099015,0.011264837,2.9105164e-05,241.64019966125488
9100,1005.9068,0.0001162935,4.1165272e-08,0.00013699771,0.000112334026,0.010974029,2.611044e-05,244.7892301082611
9200,1005.9068,0.000115532246,3.9997346e-08,0.00013564905,0.00010315522,0.010760618,2.3050765e-05,247.92423152923584
9300,1005.9068,0.00010589507,3.8311548e-08,0.00012516399,0.00011115031,0.010483776,2.2782817e-05,250.45031547546387
9400,1005.9068,0.00010398381,3.571143e-08,0.00012194499,0.00012806604,0.010247135,2.5812707e-05,253.12666630744934
9500,1005.9068,0.00010018506,3.5458736e-08,0.000118019154,0.00010670005,0.010034309,2.3541843e-05,255.90118551254272
9600,1005.9068,9.977754e-05,3.3867206e-08,0.00011681117,0.00012808341,0.009749511,2.6455225e-05,258.4113812446594
9700,1005.9068,9.42184e-05,3.2021774e-08,0.00011032386,0.000104573344,0.009500682,2.163257e-05,260.8113763332367
9800,1005.9068,9.275121e-05,3.0485918e-08,0.000108084205,9.8040495e-05,0.0091683315,2.2725779e-05,263.26139521598816
9900,1005.9068,7.781928e-05,2.9887655e-08,9.285138e-05,0.0001367293,0.008989617,2.4580204e-05,265.68116784095764
10000,1005.9068,7.1981056e-05,2.7310623e-08,8.571702e-05,9.2369235e-05,0.00861026,2.1266304e-05,268.10119247436523
10100,1005.9068,7.252166e-05,2.6523434e-08,8.586171e-05,8.531371e-05,0.008268943,1.9613077e-05,270.5212187767029
10200,1005.9068,6.570318e-05,2.5786239e-08,7.8672456e-05,8.289498e-05,0.007946061,1.9078701e-05,272.9613115787506
10300,1005.9068,5.8152855e-05,2.4156174e-08,7.030228e-05,8.115144e-05,0.0076362155,2.0336352e-05,275.3912150859833
10400,1005.9068,5.0188977e-05,2.3221007e-08,6.1868064e-05,8.910159e-05,0.007389482,1.9342695e-05,277.84099793434143
10500,1005.9068,4.3294676e-05,2.2011417e-08,5.4365395e-05,8.280733e-05,0.0068944194,2.004173e-05,280.2438395023346
10600,1005.9068,4.3399166e-05,1.9897884e-08,5.3406875e-05,7.4544565e-05,0.006493992,1.8483302e-05,282.71237325668335
10700,1005.9068,3.5849327e-05,1.9783018e-08,4.5799265e-05,8.4976244e-05,0.006122028,1.8791983e-05,285.1513991355896
10800,1005.9068,3.341936e-05,1.7697284e-08,4.232027e-05,6.954943e-05,0.005717769,1.742864e-05,287.621230840683
10900,1005.9068,2.842846e-05,1.6919545e-08,3.6938203e-05,0.00012940736,0.0053188177,1.5929878e-05,290.04132556915283
11000,1005.9068,2.5488833e-05,1.5875077e-08,3.3473258e-05,7.904945e-05,0.005010041,1.7580187e-05,292.43508553504944
11100,1005.9068,2.0060454e-05,1.4852179e-08,2.7530408e-05,6.747343e-05,0.004612904,1.6193604e-05,294.761367559433
11200,1005.9068,1.8636138e-05,1.4162161e-08,2.5759044e-05,8.5498694e-05,0.004465966,1.6893171e-05,297.1613781452179
11300,1005.9068,1.4925274e-05,1.2983745e-08,2.1455493e-05,6.398387e-05,0.0039174366,1.4276741e-05,299.5282623767853
11400,1005.9068,1.2204243e-05,1.2310151e-08,1.8395676e-05,6.3906955e-05,0.0036192425,1.3719865e-05,301.9912109375
11500,1005.9068,1.1386506e-05,1.1756306e-08,1.729938e-05,6.7759574e-05,0.00335008,1.301924e-05,304.37125039100647
11600,1005.9068,8.680342e-06,1.0771611e-08,1.4097961e-05,5.332513e-05,0.0031195725,1.3907263e-05,306.6912364959717
11700,1005.9068,8.951571e-06,9.725336e-09,1.3842961e-05,5.5702192e-05,0.00298458,1.4620234e-05,309.1711485385895
11800,1005.9068,6.770572e-06,9.604131e-09,1.16010015e-05,5.8771486e-05,0.002980232,1.3576944e-05,311.5612142086029
11900,1005.9068,7.2878784e-06,9.268391e-09,1.1949447e-05,5.4157328e-05,0.0026956394,1.2501434e-05,314.1227517127991
12000,1005.9068,6.457531e-06,9.100113e-09,1.1034464e-05,4.8813963e-05,0.0025607934,1.3212826e-05,316.5112588405609
12100,1005.9068,6.0482444e-06,8.237191e-09,1.0191168e-05,5.1581334e-05,0.0025814818,1.1310179e-05,318.89222955703735
12200,1005.9068,5.455288e-06,8.118012e-09,9.538269e-06,6.2174484e-05,0.0024983159,1.3690815e-05,321.4369857311249
12300,1005.9068,5.60672e-06,7.389495e-09,9.323292e-06,4.5967634e-05,0.0024538352,1.1678954e-05,324.101224899292
12400,1005.9068,5.8658784e-06,7.1380564e-09,9.455988e-06,4.7396126e-05,0.002366443,1.252671e-05,326.8274233341217
12500,1005.9068,5.3694325e-06,7.0922046e-09,8.936481e-06,4.478455e-05,0.0025122485,1.1443097e-05,329.6032395362854
12600,1005.9068,4.9213013e-06,7.112215e-09,8.498414e-06,4.329807e-05,0.0023464714,1.1282906e-05,332.3512785434723
12700,1005.9068,5.879463e-06,6.7270247e-09,9.262843e-06,5.1702973e-05,0.002330277,1.2592199e-05,335.08133268356323
12800,1005.9068,4.7301405e-06,6.8448993e-09,8.172806e-06,4.205129e-05,0.0023400546,1.1585431e-05,337.8613791465759
12900,1005.9068,6.3050907e-06,6.7596084e-09,9.704859e-06,4.3333064e-05,0.0024427038,1.1010973e-05,340.61427068710327
13000,1005.9068,4.961725e-06,6.473574e-09,8.217631e-06,5.397167e-05,0.002381638,1.03428065e-05,343.37107729911804
13100,1005.9068,5.4656416e-06,6.443831e-09,8.706588e-06,4.0938878e-05,0.0023220037,1.1000717e-05,346.17124223709106
13200,1005.9068,5.301559e-06,6.3414753e-09,8.491026e-06,4.6530517e-05,0.0023514926,1.1696706e-05,348.9414451122284
13300,1005.9068,5.2180208e-06,6.0446808e-09,8.258214e-06,4.426563e-05,0.0023269127,1.0331198e-05,351.6422538757324
13400,1005.9068,5.1106476e-06,6.0992873e-09,8.178305e-06,4.397882e-05,0.0024454966,1.0644098e-05,354.46127009391785
13500,1005.9068,5.384616e-06,6.1793943e-09,8.492563e-06,4.4139648e-05,0.0023357153,1.1314249e-05,357.1513912677765
13600,1005.9068,5.46193e-06,5.9683725e-09,8.463743e-06,4.8390037e-05,0.0023434204,1.2222769e-05,359.9472532272339
13700,1005.9068,5.4572647e-06,5.745528e-09,8.346998e-06,4.6185196e-05,0.0023854545,1.0062162e-05,362.71643018722534
13800,1005.9068,5.143663e-06,6.170921e-09,8.247349e-06,7.967723e-05,0.0023063158,9.022123e-06,365.47143840789795
13900,1005.9068,5.057723e-06,5.730517e-09,7.939906e-06,6.235622e-05,0.002303845,1.2925351e-05,368.2314381599426
14000,1005.9068,5.2872424e-06,5.8126544e-09,8.210736e-06,4.1727646e-05,0.0022823636,1.1125393e-05,370.8057653903961
14100,1005.9068,5.515073e-06,5.9143934e-09,8.489737e-06,4.0833413e-05,0.0023571951,1.0305573e-05,373.23151087760925
14200,1005.9068,5.477947e-06,5.7087948e-09,8.349205e-06,4.2177282e-05,0.0022874472,1.11372365e-05,375.8211205005646
14300,1005.9068,5.1373177e-06,5.5697913e-09,7.938663e-06,7.866255e-05,0.0023225583,9.297516e-06,378.2110843658447
14400,1005.9068,4.9597074e-06,5.693024e-09,7.823033e-06,8.134006e-05,0.0023357,9.155123e-06,380.5612907409668
14500,1005.9068,5.3131594e-06,5.3444174e-09,8.001152e-06,5.9356957e-05,0.0023545248,9.4918305e-06,382.96142530441284
14600,1005.9068,5.451336e-06,5.507802e-09,8.221504e-06,6.7866684e-05,0.002457647,9.580161e-06,385.2614276409149
14700,1005.9068,5.382195e-06,5.410532e-09,8.10344e-06,3.8114256e-05,0.0022801145,1.0233618e-05,387.67127203941345
14800,1005.9068,5.2213363e-06,5.238213e-09,7.855913e-06,4.3595515e-05,0.0022525906,9.471479e-06,390.0339825153351
14900,1005.9068,5.0669264e-06,5.4520304e-09,7.809043e-06,6.917143e-05,0.0023255134,1.3160296e-05,392.3814992904663
15000,1005.9068,5.143633e-06,5.3245612e-09,7.82164e-06,6.758699e-05,0.0022733614,1.309872e-05,394.73146510124207
15100,1005.9068,4.642961e-06,5.319465e-09,7.3184037e-06,4.1947278e-05,0.0023025884,1.067167e-05,397.10995626449585
15200,1005.9068,4.5215847e-06,5.0160955e-09,7.044447e-06,3.722636e-05,0.002236928,1.0252062e-05,399.43145179748535
15300,1005.9068,5.5761916e-06,5.2798437e-09,8.231707e-06,6.367614e-05,0.0022759673,8.962058e-06,401.9171471595764
15400,1005.9068,5.095808e-06,5.041719e-09,7.631557e-06,4.2505948e-05,0.0023448956,1.0723641e-05,404.33135890960693
15500,1005.9068,4.7931526e-06,4.904963e-09,7.2601206e-06,3.9519484e-05,0.0022141845,1.079651e-05,406.7412495613098
15600,1005.9068,4.8624433e-06,5.2207803e-09,7.488253e-06,4.6749097e-05,0.0024864795,1.1061548e-05,409.1528241634369
15700,1005.9068,4.763097e-06,5.288274e-09,7.422852e-06,4.7420745e-05,0.002236165,9.251122e-06,411.4611246585846
15800,1005.9068,4.992799e-06,4.938618e-09,7.4766936e-06,8.9476656e-05,0.0022458965,1.4620033e-05,414.0385687351227
15900,1005.9068,5.317538e-06,5.0094235e-09,7.837045e-06,4.5235978e-05,0.002334483,1.0895811e-05,416.4313371181488
16000,1005.9068,4.5206757e-06,4.8766613e-09,6.9734087e-06,4.188132e-05,0.0024680302,9.937207e-06,419.05129981040955
16100,1005.9068,4.528066e-06,4.9968842e-09,7.0412657e-06,4.1953084e-05,0.0023162167,9.716598e-06,421.8213028907776
16200,1005.9068,4.1922326e-06,5.1293982e-09,6.772081e-06,6.631358e-05,0.0021794415,8.245714e-06,424.4913523197174
16300,1005.9068,5.1403485e-06,4.774075e-09,7.5414855e-06,4.2870735e-05,0.0021781367,8.882481e-06,427.2614963054657
16400,1005.9068,4.3819387e-06,4.8116875e-09,6.8019935e-06,3.563461e-05,0.0023630946,1.0491261e-05,429.9213194847107
16500,1005.9068,4.8832007e-06,4.800298e-09,7.297527e-06,6.567358e-05,0.0021641892,1.2809134e-05,432.70139956474304
16600,1005.9068,4.6392834e-06,4.5739577e-09,6.939771e-06,3.643205e-05,0.0021890264,9.88163e-06,435.5543622970581
16700,1005.9068,4.913847e-06,4.5644923e-09,7.209574e-06,7.185044e-05,0.0023258184,1.3100926e-05,438.2265396118164
16800,1005.9068,5.1237107e-06,4.6470663e-09,7.4609684e-06,3.53384e-05,0.0021519756,9.70935e-06,440.8833169937134
16900,1005.9068,4.4430876e-06,4.63042e-09,6.771973e-06,4.154088e-05,0.0022095959,8.621524e-06,443.64652132987976
17000,1005.9068,4.9859955e-06,4.7389257e-09,7.3694546e-06,8.029886e-05,0.0022427882,8.769988e-06,446.3314962387085
17100,1005.9068,4.649371e-06,4.5945505e-09,6.9602156e-06,3.6261936e-05,0.002150382,9.209286e-06,448.9514811038971
17200,1005.9068,4.7887793e-06,4.649619e-09,7.1273207e-06,3.9018905e-05,0.0022334002,9.33873e-06,451.5913472175598
17300,1005.9068,4.417088e-06,4.556699e-09,6.708895e-06,3.4830588e-05,0.0021322696,9.626119e-06,454.32139921188354
17400,1005.9068,4.2146735e-06,4.3104404e-09,6.382624e-06,7.2112736e-05,0.002632984,1.2897926e-05,457.17584347724915
17500,1005.9068,4.5565525e-06,4.5511066e-09,6.845547e-06,3.434173e-05,0.0021304642,9.598568e-06,460.04131746292114
17600,1005.9068,4.5877655e-06,4.459452e-09,6.8306617e-06,4.1469957e-05,0.0021787013,8.422686e-06,462.93151903152466
17700,1005.9068,5.10526e-06,4.304082e-09,7.2700122e-06,5.482429e-05,0.0021110533,1.20841005e-05,465.8415701389313
17800,1005.9068,4.40942e-06,4.306754e-09,6.5755166e-06,3.4303543e-05,0.002116398,9.501108e-06,468.65151596069336
17900,1005.9068,4.671108e-06,4.464718e-09,6.916653e-06,3.459688e-05,0.0021038945,9.281747e-06,471.4413990974426
18000,1005.9068,4.5761694e-06,4.1525503e-09,6.664709e-06,3.4335953e-05,0.002102991,9.359241e-06,474.2413840293884
18100,1005.9068,4.4997205e-06,4.4489523e-09,6.737336e-06,3.4413104e-05,0.0021031732,9.324353e-06,477.0215275287628
18200,1005.9068,4.29861e-06,4.4126702e-09,6.5179775e-06,3.429279e-05,0.0021030405,9.367049e-06,479.861145734787
18300,1005.9068,4.7888766e-06,4.2707025e-09,6.9368407e-06,3.4349185e-05,0.0021047038,9.367685e-06,482.57134199142456
18400,1005.9068,4.2981883e-06,4.248327e-09,6.4348988e-06,3.448157e-05,0.002103262,9.331533e-06,485.3328695297241
18500,1005.9068,4.839133e-06,4.3286774e-09,7.016256e-06,3.4289973e-05,0.002102665,9.404163e-06,488.051486492157
18600,1005.9068,4.740091e-06,4.5567123e-09,7.0319047e-06,3.4209195e-05,0.0021044258,9.423143e-06,490.9149625301361
18700,1005.9068,4.4132535e-06,4.4306634e-09,6.6416706e-06,3.4424807e-05,0.0021035646,9.36962e-06,493.8193852901459
18800,1005.9068,4.659742e-06,4.2447836e-09,6.7946703e-06,3.4274308e-05,0.0021019818,9.421192e-06,496.7453804016113
18900,1005.9068,4.5567585e-06,4.2021813e-09,6.6702596e-06,3.4515262e-05,0.0021023531,9.378094e-06,499.60834407806396
19000,1005.9068,4.766037e-06,4.2856376e-09,6.921513e-06,3.448313e-05,0.0021019697,9.334844e-06,502.48469591140747
19100,1005.9068,4.800985e-06,4.3153654e-09,6.971413e-06,3.429319e-05,0.002102161,9.432871e-06,505.30142760276794
19200,1005.9068,3.9636375e-06,4.2914126e-09,6.122018e-06,3.4256045e-05,0.0021022724,9.439871e-06,508.15502548217773
19300,1005.9068,4.3609048e-06,4.239687e-09,6.4932697e-06,3.4193847e-05,0.0021024973,9.482736e-06,510.9213855266571
19400,1005.9068,4.4692565e-06,4.3380965e-09,6.651117e-06,3.4219225e-05,0.0021026458,9.455983e-06,513.721349477768
19500,1005.9068,4.4340904e-06,4.2516897e-09,6.572492e-06,3.4534525e-05,0.0021035832,9.387467e-06,516.3735692501068
19600,1005.9068,4.54226e-06,4.160381e-09,6.6347375e-06,3.4388027e-05,0.0021022672,9.402864e-06,519.1413917541504
19700,1005.9068,4.208858e-06,4.4117594e-09,6.4277674e-06,3.4428733e-05,0.0021033667,9.417161e-06,521.7993805408478
19800,1005.9068,4.176345e-06,4.227708e-09,6.3026855e-06,3.41873e-05,0.002101748,9.435797e-06,524.651451587677
19900,1005.9068,4.401346e-06,4.303069e-09,6.565589e-06,3.4250144e-05,0.002103312,9.394251e-06,527.391566991806
20000,1005.9068,4.361154e-06,4.3028177e-09,6.5252707e-06,3.4427365e-05,0.0021024733,9.340145e-06,530.2113773822784
20100,1005.9068,4.4941708e-06,4.3662784e-09,6.6902053e-06,3.434871e-05,0.0021007974,9.387842e-06,533.0414459705353
20200,1005.9068,4.104361e-06,4.2619113e-09,6.247904e-06,3.43745e-05,0.0021016018,9.368915e-06,535.8013911247253
20300,1005.9068,4.4245767e-06,4.1029047e-09,6.4881465e-06,3.4050612e-05,0.0021010574,9.482132e-06,538.6544098854065
20400,1005.9068,4.673748e-06,4.3553054e-09,6.864264e-06,3.409147e-05,0.0021002179,9.458782e-06,541.693621635437
20500,1005.9068,4.671611e-06,4.303249e-09,6.8359445e-06,3.4289253e-05,0.0020998202,9.3730005e-06,544.6872971057892
20600,1005.9068,4.443001e-06,4.355152e-09,6.6334396e-06,3.4186512e-05,0.0020995948,9.376368e-06,547.5933020114899
20700,1005.9068,4.6283735e-06,4.404089e-09,6.843425e-06,3.411328e-05,0.0021009748,9.391031e-06,550.2814149856567
20800,1005.9068,4.170985e-06,4.316617e-09,6.342042e-06,3.4246725e-05,0.0020993191,9.387905e-06,552.9014537334442
20900,1005.9068,4.0149826e-06,4.47466e-09,6.265528e-06,3.425657e-05,0.0021004705,9.293171e-06,555.6414382457733
21000,1005.9068,3.9386896e-06,4.2083883e-09,6.055313e-06,3.4365232e-05,0.0020989294,9.302133e-06,558.2715399265289
21100,1005.9068,4.2643264e-06,4.285535e-09,6.419751e-06,3.418319e-05,0.0020988707,9.405651e-06,560.8950836658478
21200,1005.9068,4.4362178e-06,4.2498884e-09,6.5737136e-06,3.403829e-05,0.0020986067,9.410738e-06,563.5115973949432
21300,1005.9068,4.30263e-06,4.3586974e-09,6.4948517e-06,3.4116267e-05,0.0020994549,9.392086e-06,566.1654982566833
21400,1005.9068,4.6975906e-06,4.270169e-09,6.8452864e-06,3.4192257e-05,0.0021000006,9.371228e-06,568.7816307544708
21500,1005.9068,4.4896897e-06,4.3857984e-09,6.6955417e-06,3.436357e-05,0.0020979478,9.334898e-06,571.3584268093109
21600,1005.9068,4.758305e-06,4.3045376e-09,6.9232865e-06,3.40131e-05,0.0020976434,9.428493e-06,574.0014443397522
21700,1005.9068,4.526375e-06,4.112518e-09,6.5947797e-06,3.413118e-05,0.0020972362,9.348239e-06,576.7071223258972
21800,1005.9068,4.454916e-06,4.306274e-09,6.6207713e-06,3.4323068e-05,0.0020989324,9.30228e-06,579.4104862213135
21900,1005.9068,3.9882366e-06,4.3163046e-09,6.159137e-06,3.415742e-05,0.002097296,9.366027e-06,582.011566400528
22000,1005.9068,4.410405e-06,4.379911e-09,6.613296e-06,3.437075e-05,0.0020970388,9.262236e-06,584.6014566421509
22100,1005.9068,4.6407044e-06,4.3224917e-09,6.8147165e-06,3.424034e-05,0.0020983964,9.3141e-06,587.1914498806
22200,1005.9068,4.3834543e-06,4.389738e-09,6.591288e-06,3.4542074e-05,0.0020994227,9.276725e-06,589.821398973465
22300,1005.9068,4.4572066e-06,4.2207366e-09,6.5800405e-06,3.438361e-05,0.0020981678,9.285515e-06,592.4614448547363
22400,1005.9068,4.450806e-06,4.2576973e-09,6.5922295e-06,3.4269415e-05,0.002097129,9.304544e-06,595.1012213230133
22500,1005.9068,4.405409e-06,4.151263e-09,6.493301e-06,3.4145967e-05,0.0021053024,9.295645e-06,597.6516306400299
22600,1005.9068,3.6652273e-06,4.2407318e-09,5.798118e-06,3.4573382e-05,0.0020968418,9.217286e-06,600.191454410553
22700,1005.9068,4.5115466e-06,4.277145e-09,6.6627513e-06,3.432469e-05,0.002101434,9.3079e-06,602.5412390232086
22800,1005.9068,3.9775205e-06,4.2539385e-09,6.117053e-06,3.411649e-05,0.002097234,9.3506105e-06,604.9174399375916
22900,1005.9068,4.611444e-06,4.2356114e-09,6.7417595e-06,3.4274944e-05,0.0020985308,9.2799e-06,607.5016016960144
23000,1005.9068,4.5103784e-06,4.204553e-09,6.6250727e-06,3.479736e-05,0.0020986167,9.145013e-06,610.1614413261414
23100,1005.9068,4.4049916e-06,4.3099853e-09,6.5727136e-06,3.4731325e-05,0.0020983245,9.13113e-06,612.7583570480347
23200,1005.9068,4.45072e-06,4.2338266e-09,6.580138e-06,3.3972745e-05,0.0020962819,9.348345e-06,615.1816034317017
23300,1005.9068,4.451032e-06,4.22999e-09,6.57852e-06,3.402694e-05,0.0020954951,9.349743e-06,617.6246330738068
23400,1005.9068,4.5552665e-06,4.1774766e-09,6.6563425e-06,3.411945e-05,0.0020975627,9.275944e-06,620.0614368915558
23500,1005.9068,4.1813414e-06,4.142124e-09,6.264637e-06,3.4325047e-05,0.002095428,9.239679e-06,622.3916923999786
23600,1005.9068,4.244999e-06,4.256267e-09,6.3857033e-06,3.3784145e-05,0.0020947284,9.414341e-06,624.7714569568634
23700,1005.9068,4.8865572e-06,4.309588e-09,7.054079e-06,3.4749144e-05,0.002096939,9.127706e-06,627.1816709041595
23800,1005.9068,4.4750122e-06,4.2568566e-09,6.616013e-06,3.390249e-05,0.0020945948,9.3981635e-06,629.4715664386749
23900,1005.9068,4.3854025e-06,4.1290633e-09,6.462129e-06,3.4581317e-05,0.0020982493,9.162138e-06,631.7313170433044
24000,1005.9068,4.7999947e-06,4.2606345e-09,6.942895e-06,3.363947e-05,0.0020966036,9.549052e-06,634.0825097560883
24100,1005.9068,4.071148e-06,4.1798605e-09,6.1734227e-06,3.3998593e-05,0.0020970486,9.303587e-06,636.4316387176514
24200,1005.9068,4.1708763e-06,4.2063584e-09,6.2864783e-06,3.442161e-05,0.0020983343,9.163639e-06,638.7716073989868
24300,1005.9068,4.450362e-06,4.203787e-09,6.564671e-06,3.4308003e-05,0.0020952404,9.247537e-06,641.1516404151917
24400,1005.9068,4.233015e-06,4.2210924e-09,6.3560274e-06,3.4414796e-05,0.0020959454,9.19243e-06,643.4915754795074
24500,1005.9068,4.7240624e-06,4.0949972e-09,6.7836554e-06,3.3732817e-05,0.0020936674,9.373435e-06,645.8014786243439
24600,1005.9068,4.172734e-06,4.236749e-09,6.3036214e-06,3.4493085e-05,0.002094494,9.192915e-06,648.1226811408997
24700,1005.9068,4.4337703e-06,4.3149138e-09,6.603971e-06,3.459197e-05,0.002095621,9.148051e-06,650.4615931510925
24800,1005.9068,4.583797e-06,4.236496e-09,6.714557e-06,3.4366236e-05,0.0020954593,9.198934e-06,652.8730041980743
24900,1005.9068,4.392403e-06,4.1345243e-09,6.471876e-06,3.4052675e-05,0.002097593,9.25152e-06,655.2814877033234
25000,1005.9068,4.407011e-06,4.31922e-09,6.5793774e-06,3.4116983e-05,0.0020987235,9.231991e-06,657.681734085083
25100,1005.9068,4.5271895e-06,4.1914814e-09,6.6353095e-06,3.4212106e-05,0.0020925691,9.279153e-06,660.0316112041473
25200,1005.9068,4.244053e-06,4.296569e-09,6.405027e-06,3.4170025e-05,0.0020938772,9.278763e-06,662.3514261245728
25300,1005.9068,4.2098154e-06,4.119379e-09,6.281671e-06,3.3956105e-05,0.0020937733,9.333959e-06,664.6730825901031
25400,1005.9068,4.377472e-06,4.219959e-09,6.499915e-06,3.383203e-05,0.0020938555,9.383591e-06,666.9653375148773
25500,1005.9068,4.233593e-06,4.074301e-09,6.282776e-06,3.435526e-05,0.0020931915,9.215591e-06,669.3914704322815
25600,1005.9068,4.2667634e-06,4.128519e-09,6.3432162e-06,3.4177523e-05,0.0020910036,9.283719e-06,671.741329908371
25700,1005.9068,3.9317347e-06,4.157337e-09,6.022681e-06,3.3971217e-05,0.002092305,9.335103e-06,674.4215576648712
25800,1005.9068,4.1656817e-06,4.25985e-09,6.308188e-06,3.401025e-05,0.002090296,9.322481e-06,676.956484079361
25900,1005.9068,4.4318926e-06,4.287334e-09,6.588222e-06,3.3995995e-05,0.0020910494,9.313414e-06,679.4317009449005
26000,1005.9068,4.455099e-06,4.1640056e-09,6.5493996e-06,3.374227e-05,0.0020907498,9.407306e-06,681.9914875030518
26100,1005.9068,4.078593e-06,4.2141464e-09,6.1981123e-06,3.4081495e-05,0.0020938327,9.251948e-06,684.5417420864105
26200,1005.9068,4.4063395e-06,4.2662296e-09,6.5520544e-06,3.432664e-05,0.002090106,9.2305245e-06,687.181526184082
26300,1005.9068,4.6610458e-06,4.1958113e-09,6.7713436e-06,3.4097084e-05,0.0020901898,9.321447e-06,689.7875673770905
26400,1005.9068,4.1534063e-06,4.1764725e-09,6.2539775e-06,3.402559e-05,0.0020903158,9.322763e-06,692.38658452034
26500,1005.9068,4.215605e-06,4.2315764e-09,6.3438906e-06,3.4448585e-05,0.0020908548,9.192061e-06,694.9915299415588
26600,1005.9068,4.6370387e-06,4.0372337e-09,6.6675793e-06,3.3858698e-05,0.0020895656,9.3097315e-06,697.5917525291443
26700,1005.9068,4.372475e-06,4.2124393e-09,6.4911355e-06,3.3876517e-05,0.002090413,9.283709e-06,700.2551741600037
26800,1005.9068,4.006769e-06,4.3980126e-09,6.2187646e-06,3.398151e-05,0.0020904304,9.27864e-06,702.7815907001495
26900,1005.9068,4.3505634e-06,4.3058526e-09,6.5162067e-06,3.3884233e-05,0.0020892855,9.372182e-06,705.3074951171875
27000,1005.9068,4.2418183e-06,4.2807753e-09,6.3948487e-06,3.4254448e-05,0.002089572,9.331367e-06,707.8812980651855
27100,1005.9068,3.7428192e-06,4.2136032e-09,5.8620653e-06,3.384728e-05,0.0020918825,9.370062e-06,710.4660353660583
27200,1005.9068,4.120615e-06,4.136599e-09,6.2011313e-06,3.3803513e-05,0.0020897884,9.348409e-06,713.0013236999512
27300,1005.9068,4.132876e-06,4.1618198e-09,6.226077e-06,3.3822904e-05,0.0020890876,9.345549e-06,715.6316838264465
27400,1005.9068,4.425225e-06,4.2820774e-09,6.5789104e-06,3.3729113e-05,0.0020909095,9.363312e-06,718.2315225601196
27500,1005.9068,4.503354e-06,4.1358157e-09,6.5834765e-06,3.379002e-05,0.002089933,9.3407e-06,720.8415920734406
27600,1005.9068,4.1493577e-06,4.1654067e-09,6.2443632e-06,3.368862e-05,0.0020923351,9.368902e-06,723.4235610961914
27700,1005.9068,4.3443647e-06,4.144976e-09,6.4290944e-06,3.3843895e-05,0.002091953,9.263448e-06,726.1268141269684
27800,1005.9068,4.3325917e-06,4.2585953e-09,6.4744668e-06,3.3578777e-05,0.0020885658,9.3931e-06,729.0816509723663
27900,1005.9068,4.7366348e-06,4.2649626e-09,6.881712e-06,3.3747547e-05,0.0020904082,9.262401e-06,731.8685915470123
28000,1005.9068,4.351524e-06,4.2656216e-09,6.4969327e-06,3.4094435e-05,0.0020884615,9.1939855e-06,734.5839698314667
28100,1005.9068,4.2180113e-06,4.2551456e-09,6.358151e-06,3.3858243e-05,0.0020885612,9.281537e-06,736.9945540428162
28200,1005.9068,4.2353527e-06,4.2004134e-09,6.3479647e-06,3.3651948e-05,0.002089164,9.336629e-06,739.512521982193
28300,1005.9068,4.2259794e-06,4.3113926e-09,6.394409e-06,3.390759e-05,0.0020885044,9.232188e-06,742.3306005001068
28400,1005.9068,4.3117907e-06,4.1610595e-09,6.40461e-06,3.3591165e-05,0.0020879277,9.371093e-06,745.6477098464966
28500,1005.9068,4.5657894e-06,4.2611377e-09,6.708943e-06,3.446071e-05,0.0020873928,9.1662205e-06,748.8031387329102
28600,1005.9068,4.3661753e-06,4.2688204e-09,6.513193e-06,3.3633805e-05,0.0020880774,9.3333265e-06,751.6230070590973
28700,1005.9068,4.7619155e-06,4.0222234e-09,6.7849064e-06,3.357736e-05,0.0020872846,9.39844e-06,754.4092919826508
28800,1005.9068,4.2200936e-06,4.074424e-09,6.269339e-06,3.3830762e-05,0.002088466,9.300773e-06,757.0060994625092
28900,1005.9068,4.7158474e-06,4.212237e-09,6.834406e-06,3.3741522e-05,0.002087459,9.345143e-06,759.6991059780121
29000,1005.9068,3.791728e-06,4.1045647e-09,5.8561327e-06,3.349539e-05,0.0020881596,9.413026e-06,762.5012543201447
29100,1005.9068,4.0527293e-06,4.1042814e-09,6.1169912e-06,3.3748456e-05,0.0020876073,9.320206e-06,765.2598919868469
29200,1005.9068,4.3105147e-06,4.250956e-09,6.4485475e-06,3.353652e-05,0.00208758,9.384512e-06,767.9355549812317
29300,1005.9068,4.125749e-06,4.0287524e-09,6.152024e-06,3.3940112e-05,0.0020874396,9.271049e-06,770.5013811588287
29400,1005.9068,4.6457535e-06,4.2008934e-09,6.758607e-06,3.4118435e-05,0.0020877533,9.217999e-06,772.9419331550598
29500,1005.9068,4.3759264e-06,4.1384896e-09,6.4573937e-06,3.3623317e-05,0.002086781,9.317035e-06,775.7231831550598
29600,1005.9068,3.908187e-06,4.1611448e-09,6.001049e-06,3.3731867e-05,0.002087809,9.312176e-06,778.4458088874817
29700,1005.9068,4.3861196e-06,4.261842e-09,6.5296276e-06,3.3652115e-05,0.0020871237,9.315604e-06,781.2005426883698
29800,1005.9068,4.3139175e-06,4.132601e-09,6.3924235e-06,3.3738397e-05,0.0020878417,9.315794e-06,783.9631929397583
29900,1005.9068,4.296437e-06,3.9917376e-09,6.304095e-06,3.3834163e-05,0.0020875125,9.278259e-06,786.6417152881622
30000,1005.9068,4.080986e-06,4.193732e-09,6.1902374e-06,3.367024e-05,0.0020872345,9.32656e-06,789.3492012023926
30100,1005.9068,4.2801676e-06,3.992855e-09,6.2883873e-06,3.3575252e-05,0.0020873228,9.379429e-06,792.0882756710052
30200,1005.9068,4.562829e-06,4.132279e-09,6.6411726e-06,3.372461e-05,0.00208738,9.326027e-06,794.8635041713715
30300,1005.9068,4.221799e-06,4.1735895e-09,6.32092e-06,3.351384e-05,0.0020877111,9.395879e-06,797.6173610687256
30400,1005.9068,4.1734966e-06,4.087375e-09,6.2292556e-06,3.3923905e-05,0.0020867242,9.264208e-06,800.2593405246735
30500,1005.9068,4.4443113e-06,4.171744e-09,6.542504e-06,3.367344e-05,0.002087313,9.363768e-06,802.9348363876343
30600,1005.9068,4.2888023e-06,4.026202e-09,6.313794e-06,3.391932e-05,0.002087084,9.296778e-06,805.5936181545258
30700,1005.9068,4.8255397e-06,4.173901e-09,6.924817e-06,3.3348126e-05,0.0020880497,9.485008e-06,808.1754651069641
30800,1005.9068,4.270776e-06,4.2175095e-09,6.391987e-06,3.3713182e-05,0.0020883412,9.302627e-06,810.9552848339081
30900,1005.9068,4.4157587e-06,4.386686e-09,6.6220573e-06,3.3528795e-05,0.002087113,9.336467e-06,813.6935691833496
31000,1005.9068,4.445621e-06,4.124321e-09,6.519962e-06,3.3987813e-05,0.0020864392,9.244293e-06,816.2716629505157
31100,1005.9068,4.0308764e-06,4.1319135e-09,6.1090363e-06,3.3850793e-05,0.0020877582,9.292951e-06,818.947544336319
31200,1005.9068,4.24491e-06,4.1493804e-09,6.331855e-06,3.3776472e-05,0.00208575,9.269082e-06,821.7133059501648
31300,1005.9068,4.1605986e-06,4.097634e-09,6.2215177e-06,3.3530676e-05,0.0020869356,9.377681e-06,824.4241676330566
31400,1005.9068,4.498721e-06,4.136509e-09,6.579192e-06,3.371726e-05,0.0020854294,9.297029e-06,827.1448538303375
31500,1005.9068,4.1461212e-06,4.200096e-09,6.2585736e-06,3.3779645e-05,0.0020867852,9.310718e-06,829.8514482975006
31600,1005.9068,4.2240063e-06,4.1751544e-09,6.3239145e-06,3.3666234e-05,0.0020866282,9.356064e-06,832.48024559021
31700,1005.9068,4.87057e-06,4.0786e-09,6.921916e-06,3.3381795e-05,0.0020874802,9.427284e-06,835.1387412548065
31800,1005.9068,4.6813566e-06,4.0738537e-09,6.7303154e-06,3.3636694e-05,0.0020849335,9.332899e-06,837.7997188568115
31900,1005.9068,4.3659575e-06,4.0940376e-09,6.4250676e-06,3.3778615e-05,0.0020849323,9.272831e-06,840.507161617279
32000,1005.9068,4.7416825e-06,4.0680828e-09,6.7877386e-06,3.377021e-05,0.0020851796,9.2724395e-06,843.180163860321
32100,1005.9068,4.4134904e-06,4.095924e-09,6.4735495e-06,3.3716657e-05,0.002085308,9.287195e-06,845.7475781440735
32200,1005.9068,4.774837e-06,4.1662145e-09,6.870249e-06,3.367324e-05,0.0020848215,9.294071e-06,848.4413478374481
32300,1005.9068,4.183635e-06,4.2888386e-09,6.340721e-06,3.383396e-05,0.002086462,9.273848e-06,851.1099195480347
32400,1005.9068,4.2035094e-06,4.2333936e-09,6.332709e-06,3.3492364e-05,0.0020846496,9.35105e-06,853.9451794624329
32500,1005.9068,4.2349357e-06,4.205757e-09,6.3502357e-06,3.3731078e-05,0.0020856413,9.304714e-06,856.7201387882233
32600,1005.9068,4.6508953e-06,4.1237858e-09,6.7249675e-06,3.3938275e-05,0.00208452,9.236236e-06,859.3778636455536
32700,1005.9068,4.440761e-06,4.1637667e-09,6.534942e-06,3.3551998e-05,0.0020850329,9.3397275e-06,862.1307423114777
32800,1005.9068,4.0599075e-06,4.093806e-09,6.118901e-06,3.3743836e-05,0.0020850748,9.284145e-06,864.8708271980286
32900,1005.9068,3.890727e-06,4.096765e-09,5.9512085e-06,3.3738106e-05,0.0020851037,9.30595e-06,867.6719300746918
33000,1005.9068,4.196993e-06,4.1727604e-09,6.295697e-06,3.357884e-05,0.002085259,9.327631e-06,870.4569964408875
33100,1005.9068,4.26451e-06,4.096745e-09,6.3249818e-06,3.372555e-05,0.0020848364,9.301052e-06,873.2077693939209
33200,1005.9068,4.2121437e-06,4.2171195e-09,6.333158e-06,3.3691682e-05,0.0020844531,9.32174e-06,875.83145570755
33300,1005.9068,4.1145718e-06,4.2171995e-09,6.2356266e-06,3.3557404e-05,0.002084103,9.327058e-06,878.5073368549347
33400,1005.9068,4.431964e-06,4.0882413e-09,6.4881588e-06,3.345883e-05,0.0020843006,9.368121e-06,881.2412509918213
33500,1005.9068,4.134157e-06,4.0157038e-09,6.1538685e-06,3.3582335e-05,0.0020841733,9.329091e-06,883.9980139732361
33600,1005.9068,4.43512e-06,4.215743e-09,6.5554423e-06,3.358571e-05,0.0020842594,9.331084e-06,886.7199647426605
33700,1005.9068,4.499542e-06,4.2036388e-09,6.6137763e-06,3.3580287e-05,0.0020842343,9.328161e-06,889.4258410930634
33800,1005.9068,4.729434e-06,4.1905204e-09,6.83707e-06,3.3977518e-05,0.0020841414,9.203647e-06,892.0522215366364
33900,1005.9068,4.4967082e-06,4.1067767e-09,6.5622253e-06,3.338538e-05,0.00208412,9.381606e-06,894.8234498500824
34000,1005.9068,4.1871904e-06,4.313919e-09,6.3568905e-06,3.373432e-05,0.0020841942,9.268016e-06,897.5917699337006
34100,1005.9068,4.350359e-06,4.159396e-09,6.4423416e-06,3.340955e-05,0.002084533,9.378541e-06,900.3774316310883
34200,1005.9068,4.3655923e-06,4.169714e-09,6.462764e-06,3.3717544e-05,0.002083999,9.252596e-06,903.0974111557007
34300,1005.9068,4.437581e-06,4.229514e-09,6.5648296e-06,3.3633412e-05,0.002084129,9.28582e-06,905.8783979415894
34400,1005.9068,4.636563e-06,4.1908534e-09,6.744367e-06,3.365657e-05,0.0020839863,9.259833e-06,908.6645591259003
34500,1005.9068,4.1132757e-06,4.178387e-09,6.2148097e-06,3.3562002e-05,0.002084459,9.300909e-06,911.413937330246
34600,1005.9068,4.2938104e-06,4.1044013e-09,6.358133e-06,3.346185e-05,0.0020839812,9.346018e-06,914.1375379562378
34700,1005.9068,4.42297e-06,4.1371226e-09,6.5037502e-06,3.3573964e-05,0.0020840792,9.364146e-06,916.688684463501
34800,1005.9068,4.4035996e-06,4.0865027e-09,6.4589203e-06,3.3755303e-05,0.0020837388,9.256429e-06,919.3818864822388
34900,1005.9068,4.1766493e-06,4.141846e-09,6.2598046e-06,3.3606448e-05,0.0020839667,9.349419e-06,921.9604692459106
35000,1005.9068,4.118866e-06,4.1160444e-09,6.189044e-06,3.365939e-05,0.0020837274,9.3051685e-06,924.4313223361969
35100,1005.9068,4.338724e-06,4.155535e-09,6.428764e-06,3.360184e-05,0.0020834922,9.3529015e-06,927.2329111099243
35200,1005.9068,4.4572635e-06,4.0023633e-09,6.4702654e-06,3.368948e-05,0.0020842978,9.25007e-06,929.987984418869
35300,1005.9068,4.3538985e-06,4.0741845e-09,6.4030237e-06,3.354755e-05,0.002084026,9.381926e-06,932.7245824337006
35400,1005.9068,4.5739203e-06,4.0162966e-09,6.5939303e-06,3.352183e-05,0.0020838012,9.377479e-06,935.4331624507904
35500,1005.9068,4.0076357e-06,4.1488315e-09,6.094305e-06,3.3483946e-05,0.002083775,9.372847e-06,938.1400718688965
35600,1005.9068,4.7138565e-06,4.302002e-09,6.877563e-06,3.369434e-05,0.0020834615,9.299157e-06,940.9070045948029
35700,1005.9068,4.1346707e-06,4.1630006e-09,6.228466e-06,3.3763168e-05,0.0020833819,9.283654e-06,943.6929287910461
35800,1005.9068,4.411062e-06,3.998465e-09,6.422104e-06,3.3559638e-05,0.0020832715,9.359276e-06,946.4349195957184
35900,1005.9068,4.57557e-06,4.1126533e-09,6.644043e-06,3.358289e-05,0.0020830792,9.342571e-06,949.2204556465149
36000,1005.9068,4.4164417e-06,4.147052e-09,6.502216e-06,3.3653072e-05,0.0020830752,9.316623e-06,951.9946377277374
36100,1005.9068,4.4616345e-06,4.180456e-09,6.564209e-06,3.3593606e-05,0.0020831276,9.3207755e-06,954.7774388790131
36200,1005.9068,4.544964e-06,4.086478e-09,6.600272e-06,3.3536027e-05,0.0020827942,9.338363e-06,957.4677758216858
36300,1005.9068,3.8985813e-06,4.330509e-09,6.076625e-06,3.361423e-05,0.0020828182,9.32254e-06,960.3522727489471
36400,1005.9068,4.360201e-06,4.110415e-09,6.427548e-06,3.35183e-05,0.0020832727,9.33311e-06,963.0522656440735
36500,1005.9068,4.38682e-06,4.0913815e-09,6.444594e-06,3.3745637e-05,0.0020832166,9.237991e-06,965.7380940914154
36600,1005.9068,3.8531666e-06,4.1891273e-09,5.9601025e-06,3.3590222e-05,0.0020831563,9.298601e-06,968.4149487018585
36700,1005.9068,4.96225e-06,4.2419943e-09,7.0957753e-06,3.343235e-05,0.0020829455,9.359635e-06,971.1405832767487
36800,1005.9068,4.198875e-06,4.112626e-09,6.2673344e-06,3.3676777e-05,0.0020829174,9.288754e-06,973.7903537750244
36900,1005.9068,3.8938015e-06,4.3255524e-09,6.069353e-06,3.3643984e-05,0.0020830703,9.292816e-06,976.4253642559052
37000,1005.9068,4.3203718e-06,4.2414814e-09,6.4536393e-06,3.3543536e-05,0.0020828028,9.311536e-06,979.0869817733765
37100,1005.9068,4.5297265e-06,4.01809e-09,6.5506383e-06,3.3456836e-05,0.0020829567,9.331749e-06,981.7558722496033
37200,1005.9068,4.2103707e-06,4.158096e-09,6.301699e-06,3.3631284e-05,0.0020832648,9.250393e-06,984.3983817100525
37300,1005.9068,4.339986e-06,4.051653e-09,6.3777784e-06,3.360386e-05,0.002082733,9.288453e-06,987.1034829616547
37400,1005.9068,4.843549e-06,4.050136e-09,6.8805784e-06,3.3496268e-05,0.0020829714,9.304354e-06,989.8569190502167
37500,1005.9068,4.455439e-06,4.0656607e-09,6.500277e-06,3.3478893e-05,0.002082708,9.340684e-06,992.6567430496216
37600,1005.9068,4.048125e-06,4.0930503e-09,6.1067385e-06,3.3594835e-05,0.0020828883,9.289632e-06,995.4950053691864
37700,1005.9068,4.231949e-06,4.1627826e-09,6.325635e-06,3.3548025e-05,0.0020840343,9.27442e-06,998.4172797203064
37800,1005.9068,4.083914e-06,4.032912e-09,6.112281e-06,3.3451463e-05,0.0020830804,9.330015e-06,1001.0989718437195
37900,1005.9068,4.9614296e-06,4.239531e-09,7.093716e-06,3.354385e-05,0.00208314,9.293033e-06,1003.7440965175629
38000,1005.9068,4.2549364e-06,3.982275e-09,6.257835e-06,3.3525976e-05,0.0020832135,9.28792e-06,1006.4822909832001
38100,1005.9068,4.2825536e-06,4.156887e-09,6.373274e-06,3.359582e-05,0.002082852,9.268797e-06,1009.2551016807556
38200,1005.9068,4.2520924e-06,4.2312758e-09,6.380227e-06,3.350933e-05,0.002083453,9.291329e-06,1012.055511713028
38300,1005.9068,4.3062837e-06,4.139876e-09,6.388448e-06,3.3534296e-05,0.0020824808,9.29367e-06,1014.8084456920624
38400,1005.9068,4.636631e-06,4.0154955e-09,6.656238e-06,3.34175e-05,0.0020824487,9.346899e-06,1017.5917530059814
38500,1005.9068,4.478724e-06,4.033781e-09,6.5075274e-06,3.3588964e-05,0.0020822734,9.301702e-06,1020.3003814220428
38600,1005.9068,3.930883e-06,4.055034e-09,5.970376e-06,3.355496e-05,0.0020822177,9.313121e-06,1023.0368134975433
38700,1005.9068,4.321072e-06,4.069501e-09,6.3678417e-06,3.348144e-05,0.0020822412,9.31292e-06,1025.7543814182281
38800,1005.9068,4.539939e-06,4.0856376e-09,6.5948243e-06,3.357809e-05,0.0020820831,9.311026e-06,1028.5391926765442
38900,1005.9068,4.483123e-06,4.19074e-09,6.59087e-06,3.3585755e-05,0.0020824415,9.291012e-06,1031.3177461624146
39000,1005.9068,4.147028e-06,4.033959e-09,6.175921e-06,3.364566e-05,0.00208255,9.262329e-06,1034.0906300544739
39100,1005.9068,4.096616e-06,4.0734736e-09,6.1453834e-06,3.3564953e-05,0.0020824452,9.2795e-06,1036.7523941993713
39200,1005.9068,4.14109e-06,4.1688835e-09,6.237844e-06,3.3424996e-05,0.0020821444,9.335282e-06,1039.3648805618286
39300,1005.9068,4.4096005e-06,4.1253823e-09,6.4844753e-06,3.3573913e-05,0.0020820445,9.336176e-06,1042.1194007396698
39400,1005.9068,4.4630174e-06,4.0477044e-09,6.498824e-06,3.3672026e-05,0.0020822757,9.287971e-06,1044.9192054271698
39500,1005.9068,4.159028e-06,4.1874233e-09,6.2651065e-06,3.3608732e-05,0.002081981,9.306266e-06,1047.6550767421722
39600,1005.9068,4.2881825e-06,4.0769432e-09,6.338695e-06,3.3465523e-05,0.0020821972,9.342312e-06,1050.440182685852
39700,1005.9068,4.0261557e-06,4.211199e-09,6.1441924e-06,3.3499568e-05,0.0020821074,9.319873e-06,1053.1274325847626
39800,1005.9068,3.9092847e-06,4.102648e-09,5.9727254e-06,3.3555716e-05,0.002082089,9.318762e-06,1055.8933839797974
39900,1005.9068,4.611477e-06,4.0648813e-09,6.655923e-06,3.3415232e-05,0.0020819544,9.377946e-06,1058.6183762550354
40000,1005.9068,4.1542758e-06,4.1905532e-09,6.261929e-06,3.3417415e-05,0.0020820438,9.346639e-06,1061.3504824638367
40100,1005.9068,4.1805647e-06,4.186291e-09,6.286074e-06,3.3492608e-05,0.0020825819,9.3505e-06,1064.074815750122
40200,1005.9068,4.3618725e-06,4.135215e-09,6.4416927e-06,3.36394e-05,0.0020823171,9.267042e-06,1066.7211751937866
40300,1005.9068,4.654011e-06,4.263381e-09,6.798293e-06,3.366673e-05,0.0020821684,9.267025e-06,1069.4918327331543
40400,1005.9068,3.862545e-06,4.1765933e-09,5.9631766e-06,3.3603108e-05,0.0020821728,9.296249e-06,1072.247222661972
40500,1005.9068,4.3655364e-06,4.189948e-09,6.4728847e-06,3.358199e-05,0.002082198,9.299213e-06,1075.0011155605316
40600,1005.9068,4.889839e-06,4.0885335e-09,6.946181e-06,3.3691485e-05,0.0020823537,9.264433e-06,1077.752519607544
40700,1005.9068,4.630056e-06,4.10198e-09,6.6931607e-06,3.356109e-05,0.0020821213,9.315467e-06,1080.5238184928894
40800,1005.9068,4.379947e-06,4.108282e-09,6.446221e-06,3.361193e-05,0.002081815,9.305123e-06,1083.136325120926
40900,1005.9068,4.4068097e-06,4.044175e-09,6.4408414e-06,3.359823e-05,0.0020819118,9.312659e-06,1085.889720916748
41000,1005.9068,4.3050663e-06,4.167344e-09,6.401046e-06,3.359363e-05,0.0020817302,9.309473e-06,1088.6576204299927
41100,1005.9068,4.582196e-06,4.1263686e-09,6.6575676e-06,3.348671e-05,0.002082089,9.340174e-06,1091.4112067222595
41200,1005.9068,4.0910804e-06,4.083021e-09,6.14465e-06,3.3409895e-05,0.0020820645,9.361611e-06,1094.2177617549896
41300,1005.9068,4.105554e-06,4.2161323e-09,6.2260724e-06,3.3628232e-05,0.0020819532,9.290552e-06,1097.0206713676453
41400,1005.9068,4.3345885e-06,4.0958943e-09,6.3946327e-06,3.3569653e-05,0.002081959,9.304453e-06,1099.7589721679688
41500,1005.9068,4.319088e-06,4.146366e-09,6.404517e-06,3.3483346e-05,0.0020819206,9.325286e-06,1102.5731101036072
41600,1005.9068,4.2233964e-06,4.1847006e-09,6.328106e-06,3.3691045e-05,0.0020817118,9.287454e-06,1105.3582074642181
41700,1005.9068,4.5126726e-06,4.3317634e-09,6.691348e-06,3.3522963e-05,0.002082022,9.3138015e-06,1108.1109108924866
41800,1005.9068,4.1936173e-06,4.125356e-09,6.2684794e-06,3.3652825e-05,0.0020817316,9.299313e-06,1110.8182241916656
41900,1005.9068,4.4255885e-06,4.3123007e-09,6.594475e-06,3.3508768e-05,0.0020818324,9.33572e-06,1113.5672035217285
42000,1005.9068,4.0377913e-06,4.1216066e-09,6.1107676e-06,3.3411332e-05,0.0020817665,9.360178e-06,1116.3022985458374
42100,1005.9068,4.2370875e-06,3.967975e-09,6.232794e-06,3.354664e-05,0.0020816522,9.323424e-06,1118.8697168827057
42200,1005.9068,4.519073e-06,4.112741e-09,6.58759e-06,3.35892e-05,0.0020813574,9.31117e-06,1121.1278083324432
42300,1005.9068,4.175225e-06,4.192752e-09,6.2839836e-06,3.3536755e-05,0.002081627,9.315368e-06,1123.3950712680817
42400,1005.9068,4.3461796e-06,4.189359e-09,6.453232e-06,3.3525015e-05,0.0020814138,9.329953e-06,1125.903665304184
42500,1005.9068,4.7796157e-06,4.1327177e-09,6.8581803e-06,3.3501718e-05,0.0020815104,9.340844e-06,1128.1384217739105
42600,1005.9068,4.379933e-06,4.127671e-09,6.4559595e-06,3.358668e-05,0.002081671,9.30319e-06,1130.4354298114777
42700,1005.9068,4.0466025e-06,4.194575e-09,6.1562782e-06,3.3569526e-05,0.0020815681,9.30103e-06,1132.9363460540771
42800,1005.9068,4.4001304e-06,4.1930814e-09,6.509055e-06,3.368069e-05,0.0020816075,9.264972e-06,1135.1704251766205
42900,1005.9068,4.4412695e-06,4.085157e-09,6.495913e-06,3.3619657e-05,0.002081488,9.289721e-06,1137.387438774109
43000,1005.9068,4.2124116e-06,3.9619943e-09,6.2051104e-06,3.354338e-05,0.0020813614,9.312979e-06,1139.7475998401642
43100,1005.9068,4.2733423e-06,4.064224e-09,6.3174575e-06,3.3571418e-05,0.002081619,9.301269e-06,1142.2630519866943
43200,1005.9068,4.4089734e-06,4.0131924e-09,6.4274222e-06,3.35588e-05,0.002081588,9.30538e-06,1145.0206320285797
43300,1005.9068,4.34686e-06,4.049965e-09,6.3838033e-06,3.358011e-05,0.002081544,9.31821e-06,1147.7595138549805
43400,1005.9068,4.3100754e-06,4.0953942e-09,6.369868e-06,3.3598066e-05,0.002082023,9.300302e-06,1150.5314033031464
43500,1005.9068,4.345678e-06,4.1226467e-09,6.419177e-06,3.367546e-05,0.0020818166,9.293133e-06,1153.3325641155243
43600,1005.9068,4.48128e-06,4.089443e-09,6.538079e-06,3.3608503e-05,0.0020818298,9.304392e-06,1156.0765578746796
43700,1005.9068,4.4518983e-06,4.1136934e-09,6.520894e-06,3.3549826e-05,0.002081843,9.321691e-06,1158.8944821357727
43800,1005.9068,4.4572034e-06,4.149336e-09,6.5441263e-06,3.3510805e-05,0.0020820627,9.323192e-06,1161.7234103679657
43900,1005.9068,4.79931e-06,4.210202e-09,6.9168455e-06,3.3588825e-05,0.0020821737,9.311783e-06,1164.4774901866913
44000,1005.9068,4.006192e-06,4.205317e-09,6.1212704e-06,3.369828e-05,0.0020820291,9.295663e-06,1167.2889547348022
44100,1005.9068,4.022553e-06,4.0725308e-09,6.070846e-06,3.3488523e-05,0.002081923,9.354264e-06,1170.1076228618622
44200,1005.9068,4.4792714e-06,4.1900656e-09,6.586679e-06,3.3641933e-05,0.0020819153,9.30762e-06,1172.9240684509277
44300,1005.9068,4.550287e-06,4.214877e-09,6.6701737e-06,3.3548866e-05,0.0020819944,9.346251e-06,1175.7538352012634
44400,1005.9068,4.277065e-06,3.983703e-09,6.280682e-06,3.355631e-05,0.002081977,9.317874e-06,1178.5272607803345
44500,1005.9068,4.1912504e-06,4.0377435e-09,6.222047e-06,3.3524324e-05,0.0020819393,9.356348e-06,1181.3012402057648
44600,1005.9068,4.528489e-06,3.994914e-09,6.537745e-06,3.3482298e-05,0.0020816096,9.3768485e-06,1183.9307940006256
44700,1005.9068,4.0323625e-06,4.1873256e-09,6.138392e-06,3.3539025e-05,0.0020814794,9.353031e-06,1186.7382988929749
44800,1005.9068,4.422811e-06,4.188888e-09,6.5296263e-06,3.358865e-05,0.0020822652,9.302245e-06,1189.5553267002106
44900,1005.9068,4.374275e-06,4.1771058e-09,6.4751644e-06,3.350821e-05,0.0020816855,9.339312e-06,1192.3123424053192
45000,1005.9068,4.0556715e-06,4.0083274e-09,6.0716734e-06,3.3552937e-05,0.0020815511,9.329033e-06,1194.9578886032104
45100,1005.9068,4.3529194e-06,4.0712935e-09,6.4005903e-06,3.3469732e-05,0.0020816429,9.362049e-06,1197.6651847362518
45200,1005.9068,4.409769e-06,4.0552433e-09,6.449368e-06,3.3541783e-05,0.0020817483,9.326212e-06,1200.418348789215
45300,1005.9068,4.6594955e-06,4.2956425e-09,6.8200034e-06,3.35242e-05,0.0020815465,9.348388e-06,1203.013801574707
45400,1005.9068,4.583236e-06,4.2273802e-09,6.7094115e-06,3.352788e-05,0.0020815185,9.34775e-06,1205.8158521652222
45500,1005.9068,4.5349425e-06,4.107713e-09,6.6009306e-06,3.3501125e-05,0.0020814461,9.348363e-06,1208.6025097370148
45600,1005.9068,4.408732e-06,4.1803507e-09,6.5112536e-06,3.3563923e-05,0.0020819511,9.314815e-06,1211.4112210273743
45700,1005.9068,4.077152e-06,4.020208e-09,6.099129e-06,3.3467102e-05,0.0020813856,9.359333e-06,1214.235981464386
45800,1005.9068,4.179724e-06,4.169137e-09,6.2766057e-06,3.35431e-05,0.002081309,9.336179e-06,1217.0371224880219
45900,1005.9068,4.7936364e-06,4.1327786e-09,6.8722316e-06,3.354012e-05,0.0020812936,9.333307e-06,1219.8548579216003
46000,1005.9068,4.456172e-06,4.1305186e-09,6.5336308e-06,3.3429955e-05,0.002081429,9.378408e-06,1222.5415713787079
46100,1005.9068,4.327406e-06,4.147578e-09,6.413444e-06,3.349285e-05,0.0020813914,9.358844e-06,1225.2971804141998
46200,1005.9068,4.3081714e-06,4.019136e-09,6.3296093e-06,3.356822e-05,0.002081506,9.310421e-06,1228.017260313034
46300,1005.9068,4.4497347e-06,4.0066115e-09,6.4648734e-06,3.3577824e-05,0.0020815104,9.301264e-06,1230.7720556259155
46400,1005.9068,4.1067296e-06,4.018413e-09,6.127804e-06,3.3544e-05,0.002081478,9.312447e-06,1233.534628868103
46500,1005.9068,4.2977726e-06,4.221061e-09,6.4207698e-06,3.3587603e-05,0.0020819046,9.29467e-06,1236.3484423160553
46600,1005.9068,4.6564137e-06,4.178112e-09,6.7578094e-06,3.3645447e-05,0.0020816592,9.278899e-06,1239.1824238300323
46700,1005.9068,4.0124673e-06,4.1655865e-09,6.1075634e-06,3.362626e-05,0.00208162,9.281679e-06,1241.9818620681763
46800,1005.9068,4.340408e-06,4.0220267e-09,6.3632997e-06,3.35004e-05,0.002081585,9.321085e-06,1244.4216821193695
46900,1005.9068,4.0273258e-06,4.256177e-09,6.167985e-06,3.3504333e-05,0.0020815702,9.323762e-06,1247.2080028057098
47000,1005.9068,4.0812656e-06,4.0617674e-09,6.1241453e-06,3.3551398e-05,0.0020813842,9.321609e-06,1249.961769580841
47100,1005.9068,4.5263037e-06,4.0790047e-09,6.577853e-06,3.353999e-05,0.0020813674,9.328619e-06,1252.7506580352783
47200,1005.9068,4.0617783e-06,4.1487054e-09,6.148384e-06,3.3442688e-05,0.002081359,9.374593e-06,1255.5180397033691
47300,1005.9068,4.471515e-06,4.084143e-09,6.525648e-06,3.3614e-05,0.0020812978,9.292406e-06,1258.3144681453705
47400,1005.9068,4.147604e-06,4.079966e-09,6.199637e-06,3.3529384e-05,0.0020811409,9.342863e-06,1261.09690284729
47500,1005.9068,4.5973693e-06,4.140189e-09,6.6796915e-06,3.3482414e-05,0.0020812093,9.327636e-06,1263.7437317371368
47600,1005.9068,4.601055e-06,4.182238e-09,6.7045257e-06,3.3533146e-05,0.0020811714,9.314403e-06,1266.522552728653
47700,1005.9068,4.2951015e-06,4.107639e-09,6.3610523e-06,3.3523494e-05,0.0020811562,9.320439e-06,1269.2804772853851
47800,1005.9068,4.8653587e-06,4.092294e-09,6.923592e-06,3.350234e-05,0.002081024,9.365838e-06,1271.9640061855316
47900,1005.9068,4.063413e-06,3.930132e-09,6.040086e-06,3.35917e-05,0.0020808736,9.344761e-06,1274.7528898715973
48000,1005.9068,4.3219816e-06,4.1165227e-09,6.392401e-06,3.3526612e-05,0.0020809846,9.313258e-06,1277.397686958313
48100,1005.9068,4.7345466e-06,3.997685e-09,6.7451956e-06,3.3533724e-05,0.0020811958,9.308213e-06,1280.0889222621918
48200,1005.9068,4.7366448e-06,4.177405e-09,6.837685e-06,3.3587323e-05,0.0020809348,9.299897e-06,1282.8910081386566
48300,1005.9068,4.831833e-06,4.00054e-09,6.843918e-06,3.3524702e-05,0.0020811409,9.314066e-06,1285.6144571304321
48400,1005.9068,4.6300643e-06,4.120496e-09,6.7024816e-06,3.3556127e-05,0.0020810647,9.312083e-06,1288.26846575737
48500,1005.9068,4.213969e-06,4.11247e-09,6.28235e-06,3.354152e-05,0.0020810335,9.316822e-06,1291.0381529331207
48600,1005.9068,4.8497213e-06,3.988977e-09,6.855991e-06,3.355216e-05,0.0020809171,9.3168e-06,1293.8047800064087
48700,1005.9068,4.22955e-06,4.033115e-09,6.2580193e-06,3.3508717e-05,0.0020811525,9.371411e-06,1296.4652779102325
48800,1005.9068,3.956728e-06,3.9746375e-09,5.9557856e-06,3.3464035e-05,0.0020809758,9.388331e-06,1299.251053094864
48900,1005.9068,4.1880826e-06,4.0985886e-09,6.249482e-06,3.3512963e-05,0.0020809725,9.37531e-06,1301.9738554954529
49000,1005.9068,5.235772e-06,4.109286e-09,7.3025512e-06,3.3480635e-05,0.0020811176,9.378104e-06,1304.7690427303314
49100,1005.9068,4.6021346e-06,4.1286903e-09,6.6786733e-06,3.3516328e-05,0.0020811714,9.327434e-06,1307.5422701835632
49200,1005.9068,4.0097693e-06,4.2594275e-09,6.152063e-06,3.3511253e-05,0.0020811665,9.32952e-06,1310.2960188388824
49300,1005.9068,4.7563276e-06,4.065809e-09,6.80124e-06,3.3526445e-05,0.0020811239,9.360184e-06,1313.1102938652039
49400,1005.9068,4.8298803e-06,4.174716e-09,6.929568e-06,3.3504923e-05,0.0020811504,9.36918e-06,1315.9285185337067
49500,1005.9068,4.1260764e-06,4.107321e-09,6.191867e-06,3.34976e-05,0.002081095,9.370074e-06,1318.6583907604218
49600,1005.9068,4.1643975e-06,4.121371e-09,6.2372546e-06,3.3525248e-05,0.0020813597,9.362208e-06,1321.3486590385437
49700,1005.9068,4.3708997e-06,4.1358215e-09,6.451025e-06,3.3501365e-05,0.0020813479,9.367044e-06,1324.086205482483
49800,1005.9068,4.291014e-06,4.06602e-09,6.336033e-06,3.3558794e-05,0.00208135,9.353419e-06,1326.8041942119598
49900,1005.9068,4.1768744e-06,4.195728e-09,6.2871304e-06,3.3505054e-05,0.0020813637,9.363226e-06,1329.450899362564
50000,1005.9068,4.387338e-06,4.1964476e-09,6.4979554e-06,3.3413744e-05,0.0020812154,9.392428e-06,1332.1203105449677
