iteration,beta,loss_a,loss_b,loss,L2-error,objective,objective-error,constraint-error,runtime
0,1,6.3556886,12.170577,12.440977,3.3228688,6.4629583,-0.5519178,3.323148,1.050064325
100,501,16.172295,0.011088911,18.950068,0.42840478,16.135883,0.118714094,0.09994502,1.509957552
200,1001,15.517881,0.00192448,16.481083,0.30533627,15.55831,0.07867038,0.041134313,1.816910267
300,1501,15.150942,0.001658358,16.39554,0.18044028,15.022426,0.04151714,0.030511014,2.090027094
400,2001,14.790728,0.001165164,15.956474,0.17477494,14.926889,0.034893513,0.03716342,2.390014887
500,2501,14.720205,0.00078539,15.702335,0.14008887,14.809954,0.026786327,0.026637042,2.689881325
600,3001,14.766804,0.001257532,16.65373,0.08088099,14.644922,0.015344501,0.029591676,2.980111837
700,3501,14.592771,0.001481108,17.18545,0.11950991,14.749758,0.02261281,0.03624566,3.28096199
800,4001,14.648705,0.000153175,14.955131,0.07958022,14.657987,0.016250253,0.011576365,3.559970856
900,4501,14.646034,0.000125398,14.928244,0.072923236,14.650656,0.015742064,0.010052374,3.860095739
1000,5001,1.4635773,0.000104708,1.7254006,0.06944046,14.647273,0.01550746,0.010008149,4.140079737
1100,5501,1.4650929,8.22E-05,1.6912745,0.07104492,14.66551,0.016771913,0.00883848,4.450057507
1200,6001,1.4677776,7.29E-05,1.6865611,0.06777962,14.666777,0.01685965,0.008357978,4.726530552
1300,6501,1.4574486,0.00198457,7.9082937,0.102367066,14.765927,0.023733854,0.03549648,5.039978266
1400,7001,1.4702598,5.99E-05,1.6800416,0.07054445,14.692771,0.018661857,0.006750647,5.314160347
1500,7501,1.4716233,5.25E-05,1.6684546,0.0774777,14.72233,0.020711303,0.006583715,5.616136074
1600,8001,1.4711388,5.20E-05,1.6791836,0.078233324,14.729826,0.021230936,0.006421803,5.889906645
1700,8501,1.4734814,4.28E-05,1.6554251,0.07659768,14.7300205,0.021244407,0.005940488,6.172945023
1800,9001,1.476048,0.000100049,1.9263176,0.06927035,14.713942,0.02012968,0.011679841,6.479992628
1900,9501,1.4759203,3.09E-05,1.6226223,0.08224669,14.758973,0.023251772,0.005111757,6.759939432
2000,10001,1.4761964,2.63E-05,1.6078907,0.08286503,14.7667465,0.023790717,0.004916198,7.069888353
2100,10001,1.4783297,3.15E-05,1.6359211,0.08228496,14.771347,0.024109602,0.004867777,7.349824667
2200,10001,1.4772755,2.12E-05,1.5830731,0.08323257,14.776838,0.024490356,0.004298453,7.651597738
2300,10001,1.4808779,0.000147566,2.218781,0.07678456,14.760307,0.023344278,0.008811556,7.929988861
2400,10001,1.4799174,6.63E-05,1.8115308,0.0766552,14.762938,0.02352655,0.008539867,8.339772224
2500,10001,1.4793576,2.59E-05,1.6087428,0.08035387,14.777061,0.024505854,0.005078586,8.637349367
2600,10001,1.4795783,2.41E-05,1.6001315,0.08002069,14.779247,0.024657369,0.005205301,8.949933529
2700,10001,1.477794,6.05E-05,1.7804911,0.08996672,14.811628,0.026902318,0.007924619,9.209722757
2800,10001,1.4781021,8.82E-05,1.9192712,0.091453545,14.8197155,0.027463078,0.007759379,9.509753466
2900,10001,1.4800383,1.40E-05,1.5500383,0.085242696,14.803772,0.02635765,0.003215333,9.779949188
3000,10001,1.4790053,4.55E-05,1.7067547,0.09560274,14.834137,0.028462887,0.012311558,10.06010938
3100,10001,1.4805602,1.04E-05,1.5324413,0.0852715,14.807689,0.02662921,0.002889977,10.35997796
3200,10001,1.4766201,0.000338648,3.1700292,0.091721795,14.827406,0.027996302,0.010055464,10.6300962
3300,10001,1.4814202,9.38E-06,1.5283396,0.086294554,14.815801,0.027191639,0.002791509,10.93996
3400,10001,1.4820698,1.77E-05,1.5707108,0.082441434,14.805625,0.026486158,0.003534655,11.21094751
3500,10001,1.4827302,2.08E-05,1.5867541,0.083353914,14.811611,0.026901245,0.004108602,11.47976112
3600,10001,1.4815017,8.27E-06,1.5228591,0.084729396,14.814631,0.027110577,0.002259683,11.74995732
3700,10001,1.4829373,1.61E-05,1.5633526,0.08529345,14.819626,0.02745688,0.002784305,12.06980157
3800,10001,1.4818945,8.41E-06,1.5239674,0.084151685,14.816676,0.027252316,0.002759902,12.34012413
3900,10001,1.477917,0.000274094,2.8485227,0.09540279,14.849188,0.029506445,0.012391957,12.6199348
4000,10001,1.4817208,1.27E-05,1.5453713,0.08545741,14.822596,0.027662754,0.002395513,12.9299655
4100,10001,1.4825516,8.76E-06,1.5263617,0.08776013,14.831846,0.0283041,0.002571548,13.19995928
4200,10001,1.4824895,7.20E-06,1.5184895,0.085659705,14.826574,0.027938604,0.002027898,13.50995755
4300,10001,1.4822973,8.71E-06,1.5258433,0.08463781,14.824669,0.02780652,0.002053331,13.78424239
4400,10001,1.4818934,2.70E-05,1.616921,0.08735265,14.830915,0.028239608,0.006924885,14.07975578
4500,10001,1.4822941,6.54E-06,1.5149932,0.08518204,14.826281,0.02791822,0.00231397,14.39195395
4600,10001,1.4844073,5.74E-05,1.7715372,0.081518665,14.815293,0.027156472,0.006096878,14.71661711
4700,10001,1.4824848,5.68E-06,1.5109068,0.08477126,14.826693,0.02794683,0.001879867,15.07058978
4800,10001,1.4824584,6.96E-06,1.5172455,0.08351363,14.82255,0.027659535,0.002116328,15.41004515
4900,10001,1.482779,7.89E-06,1.522224,0.08485958,14.828896,0.028099537,0.001867647,15.70982313
5000,10001,1.4826821,5.13E-06,1.5083311,0.08329283,14.82473,0.027810693,0.001810224,16.03547549
5100,10001,1.4826247,7.39E-06,1.5195905,0.0815403,14.818876,0.027404904,0.002278243,16.33199573
5200,10001,1.4825062,5.86E-06,1.5117942,0.082341395,14.821066,0.027556658,0.002749292,16.59999347
5300,10001,1.4822582,5.65E-06,1.5104887,0.08154618,14.820303,0.027503848,0.002083072,16.90992475
5400,10001,1.4842023,6.44E-05,1.8063455,0.07491713,14.798981,0.026025534,0.008933085,17.18992615
5500,10001,1.4822876,7.06E-06,1.517586,0.08156689,14.820072,0.027487755,0.002178381,17.499964
5600,10001,1.4850676,0.00017791,2.3747056,0.069332175,14.780683,0.024756908,0.014319179,17.76996255
5700,10001,1.4818796,5.37E-06,1.5087286,0.08205727,14.822306,0.027642608,0.00195763,18.08395696
5800,10001,1.4822105,9.97E-06,1.5320421,0.078699954,14.811514,0.02689445,0.002430495,18.35009408
5900,10001,1.482235,6.25E-06,1.5134991,0.080107786,14.81689,0.027267098,0.001714203,18.64995909
6000,10001,1.4817826,5.07E-06,1.5071542,0.079441644,14.814648,0.027111769,0.001547446,18.94169354
6100,10001,1.4805754,4.24E-05,1.6927286,0.086245365,14.83485,0.028512359,0.005309312,19.21223283
6200,10001,1.4820915,3.92E-06,1.501669,0.080723226,14.820065,0.027487278,0.001696922,19.51608443
6300,10001,1.4818777,4.01E-06,1.5019444,0.07836423,14.813682,0.027044773,0.002358259,19.78004742
6400,10001,1.4815077,4.87E-06,1.5058849,0.07781413,14.810627,0.026832938,0.002058326,20.09013486
6500,10001,1.4816335,1.08E-05,1.53549,0.075060226,14.801526,0.026201963,0.003927234,20.36007905
6600,10001,1.481556,5.75E-06,1.510331,0.07698199,14.8070545,0.026585221,0.001925508,20.6697669
6700,10001,1.4809698,3.95E-06,1.5007071,0.076943554,14.8072605,0.026599526,0.001522905,20.94972181
6800,10001,1.4792736,3.76E-05,1.6672429,0.08052503,14.817324,0.027297258,0.004300031,21.24991536
6900,10001,1.480481,4.15E-06,1.5012448,0.07692582,14.806932,0.026576757,0.00158944,21.53966379
7000,10001,1.4799116,6.21E-06,1.5109867,0.07665707,14.806297,0.02653277,0.001861275,21.81979489
7100,10001,1.479792,7.85E-06,1.5190395,0.07702429,14.807399,0.026609182,0.001818657,22.13099527
7200,10001,1.479996,4.27E-06,1.5013303,0.07583734,14.803972,0.026371598,0.00151766,22.40993142
7300,10001,1.4801568,5.20E-06,1.5061535,0.073167846,14.794701,0.025728822,0.001941481,22.7099843
7400,10001,1.4799709,4.61E-06,1.5030156,0.07527258,14.801529,0.026202202,0.001427678,23.00001264
7500,10001,1.4798063,3.60E-06,1.497815,0.07454512,14.798915,0.026020885,0.001417895,23.27981567
7600,10001,1.4795278,4.43E-06,1.5016924,0.07401266,14.797177,0.025900483,0.001631791,23.58985257
7700,10001,1.4790858,3.48E-06,1.4964839,0.07331801,14.793883,0.025672078,0.001556498,23.8699348
7800,10001,1.4792345,3.37E-06,1.496104,0.07247866,14.79136,0.025497198,0.001315993,24.18971443
7900,10001,1.4790307,3.51E-06,1.4965729,0.0723391,14.79071,0.025452137,0.001499018,24.47696853
8000,10001,1.480758,6.65E-05,1.813129,0.0630183,14.760703,0.023371696,0.009911835,24.78009748
8100,10001,1.4787601,4.58E-06,1.5016421,0.06908664,14.780049,0.02471292,0.002267683,25.05155063
8200,10001,1.4798778,3.23E-05,1.6415368,0.06665919,14.771988,0.024154067,0.005111862,25.36975002
8300,10001,1.4777755,4.83E-06,1.5019459,0.07076253,14.784479,0.025020123,0.002053102,25.65010524
8400,10001,1.4771551,1.10E-05,1.5319856,0.0696855,14.780809,0.02476573,0.003155112,25.96012306
8500,10001,1.4777077,3.58E-06,1.4956247,0.06849007,14.77716,0.024512649,0.001308392,26.23987651
8600,10001,1.4776051,3.28E-06,1.4940151,0.06757703,14.774315,0.024315357,0.001522843,26.52654314
8700,10001,1.4759569,3.95E-05,1.6732668,0.07401879,14.793239,0.025627375,0.006893882,26.83178616
8800,10001,1.4774417,3.09E-06,1.4928741,0.06738972,14.773558,0.024262905,0.001180394,27.13015747
8900,10001,1.4770759,3.33E-06,1.4937375,0.06633226,14.769642,0.023991466,0.001489874,27.45819283
9000,10001,1.4762903,6.36E-06,1.5081012,0.06734478,14.772226,0.024170637,0.002148231,27.7599318
9100,10001,1.4764589,7.76E-06,1.5152622,0.0649395,14.763916,0.023594499,0.002730069,28.0899961
9200,10001,1.4756075,1.60E-05,1.5555513,0.067069024,14.770616,0.024058938,0.002767911,28.37703896
9300,10001,1.4765753,6.94E-06,1.5112802,0.072861746,14.787374,0.025220752,0.010474378,28.69987392
9400,10001,1.4762167,3.22E-06,1.492318,0.064107955,14.76071,0.023372173,0.00128324,28.96992469
9500,10001,1.47603,2.91E-06,1.4905798,0.063197784,14.7572975,0.023135543,0.001343362,29.29497147
9600,10001,1.4755155,3.31E-06,1.4920532,0.06359194,14.758513,0.023219824,0.001302773,29.57200646
9700,10001,1.4761018,1.22E-05,1.5372925,0.061258633,14.750588,0.022670388,0.002545948,29.8499856
9800,10001,1.4754251,2.63E-06,1.4885939,0.06223413,14.753539,0.022874951,0.001214651,30.15903497
9900,10001,1.4751135,2.56E-06,1.4879396,0.062426407,14.753717,0.02288735,0.001498077,30.43499422
10000,10001,1.4756063,5.32E-06,1.5022038,0.060357884,14.747038,0.022424221,0.00201114,30.74995494
10100,10001,1.474866,2.81E-06,1.4889194,0.06124289,14.749392,0.022587419,0.001320954,31.02987647
10200,10001,1.4745206,2.99E-06,1.4894623,0.061008766,14.748526,0.022527456,0.00139836,31.33991957
10300,10001,1.4742658,3.43E-06,1.4914052,0.060767125,14.747477,0.022454739,0.001524223,31.62150335
10400,10001,1.4743451,3.36E-06,1.4911531,0.058578636,14.739479,0.021900177,0.001393752,31.89392686
10500,10001,1.4737228,4.16E-06,1.4945159,0.059555877,14.742359,0.022099853,0.001796426,32.21191001
10600,10001,1.4751742,3.91E-05,1.6708622,0.05342331,14.721308,0.020640373,0.006252607,32.50012159
10700,10001,1.4738683,3.28E-06,1.4902774,0.05731945,14.734262,0.021538496,0.001293992,32.81993508
10800,10001,1.4733105,3.20E-06,1.4892927,0.058377113,14.737767,0.021781564,0.00195538,33.10261893
10900,10001,1.4734703,2.50E-06,1.4859772,0.056845125,14.732144,0.02139163,0.001358647,33.42006183
11000,10001,1.4729074,4.24E-06,1.4940846,0.058194745,14.736521,0.021695137,0.00235815,33.70993829
11100,10001,1.4732412,2.49E-06,1.4856884,0.056273755,14.730137,0.021252513,0.00125945,34.04380012
11200,10001,1.4729168,2.42E-06,1.4850156,0.05613991,14.729214,0.021188498,0.001158817,34.31992555
11300,10001,1.4728159,4.20E-06,1.4938414,0.05415792,14.721642,0.0206635,0.001528885,34.63393545
11400,10001,1.4722588,2.27E-06,1.483605,0.05544527,14.726089,0.020971775,0.001389842,34.90970039
11500,10001,1.4722689,2.92E-06,1.486875,0.053597853,14.719343,0.020504117,0.001421648,35.23013139
11600,10001,1.4717776,3.24E-06,1.4879969,0.05302334,14.717206,0.02035594,0.001983323,35.57996035
11700,10001,1.4715852,2.32E-06,1.4831724,0.05255781,14.715122,0.020211577,0.001525824,35.89996672
11800,10001,1.4717591,3.02E-06,1.486876,0.052144114,14.713612,0.020106792,0.001565662,36.18979788
11900,10001,1.4714532,2.00E-06,1.4814669,0.052280065,14.713525,0.020100832,0.001143271,36.49546647
12000,10001,1.4702088,2.97E-05,1.6188866,0.05321746,14.716251,0.020289779,0.004115519,36.79005885
12100,10001,1.4710994,2.73E-06,1.4847375,0.051000927,14.70821,0.019732356,0.00111427,37.08997059
12200,10001,1.4699328,1.87E-05,1.563617,0.053786974,14.717876,0.020402431,0.003827186,37.3839829
12300,10001,1.4704795,1.94E-06,1.4801726,0.050141178,14.704237,0.019456863,0.001137479,37.66997766
12400,10001,1.4703631,5.22E-06,1.4964802,0.047889795,14.6957,0.01886499,0.00466391,37.97992587
12500,10001,1.4702944,2.41E-06,1.4823563,0.05021665,14.704578,0.019480467,0.000977231,38.2600913
12600,10001,1.470144,2.21E-06,1.4812135,0.04995113,14.70306,0.019375205,0.001353038,38.53993845
12700,10001,1.4699305,2.39E-06,1.4818763,0.04954295,14.701332,0.0192554,0.001192907,38.8179431
12800,10001,1.4697433,2.56E-06,1.4825302,0.0490395,14.699059,0.019097805,0.001062134,39.12998986
12900,10001,1.4700054,2.82E-06,1.4841126,0.048425898,14.696447,0.018916726,0.001011014,39.40997243
13000,10001,0.14697361,1.97E-06,0.15684631,0.048732918,14.697626,0.018998504,0.001323105,39.74110603
13100,10001,0.14696041,1.89E-06,0.15643393,0.048323613,14.696363,0.018911004,0.001291667,40.01995945
13200,10001,0.14696161,1.81E-06,0.15601078,0.048360296,14.696652,0.018931031,0.0011975,40.32992196
13300,10001,0.14695907,2.06E-06,0.15726778,0.04860386,14.698208,0.019038796,0.001208386,40.61996937
13400,10001,0.1469722,2.08E-06,0.15737754,0.047961712,14.695845,0.018875003,0.001237746,40.9101572
13500,10001,0.14697467,2.13E-06,0.15761368,0.048175115,14.697027,0.018957019,0.001124036,41.23995018
13600,10001,0.1469976,2.63E-06,0.1601514,0.047740415,14.695156,0.01882732,0.001260174,41.52992392
13700,10001,0.14700377,2.66E-06,0.16030703,0.047890536,14.696161,0.018896937,0.00128067,41.8498311
13800,10001,0.14700197,1.92E-06,0.15662065,0.048204698,14.697704,0.019003987,0.001041019,42.1208055
13900,10001,0.14699568,1.99E-06,0.15692896,0.04880871,14.699914,0.019157171,0.00128287,42.45596576
14000,10001,0.14703275,9.18E-06,0.19293492,0.048250165,14.69809,0.01903069,0.001982821,42.72998595
14100,10001,0.1469893,1.66E-06,0.15527424,0.048678573,14.699776,0.019147515,0.001085233,43.07978773
14200,10001,0.14702055,3.02E-06,0.16214359,0.047692895,14.696199,0.01889956,0.001630945,43.35993886
14300,10001,0.14699787,2.02E-06,0.15711486,0.047774445,14.696638,0.018929958,0.001478238,43.67903733
14400,10001,0.14702775,8.23E-06,0.18816555,0.04866159,14.699795,0.019148827,0.001745143,43.97992492
14500,10001,0.14700125,1.81E-06,0.15603289,0.048193444,14.698917,0.01908803,0.001292843,44.26993823
14600,10001,0.14699326,1.77E-06,0.15586235,0.04865263,14.700657,0.01920867,0.00095472,44.58974433
14700,10001,0.14697172,2.39E-06,0.15893362,0.048682038,14.700762,0.019215941,0.001106409,44.87982178
14800,10001,0.14700872,1.74E-06,0.1556851,0.048974182,14.702638,0.019345999,0.001147836,45.21000934
14900,10001,0.14712831,2.10E-05,0.25221133,0.045839928,14.690496,0.018504262,0.004259704,45.50000024
15000,10001,0.14700945,1.64E-06,0.15522449,0.047961667,14.698817,0.019081116,0.00133393,45.82966661
15100,10001,0.14699231,1.91E-06,0.1565621,0.04807452,14.698949,0.019090176,0.001214003,46.11257768
15200,10001,0.14699997,2.27E-06,0.15834989,0.04869585,14.702385,0.019328475,0.000951669,46.46146154
15300,10001,0.14702581,3.47E-06,0.16435589,0.04690568,14.694632,0.018790841,0.002351598,46.73979783
15400,10001,0.14700198,1.52E-06,0.15460545,0.04807423,14.699768,0.019147038,0.001082988,47.09011149
15500,10001,0.14700045,1.40E-06,0.15399413,0.047960404,14.69963,0.019137383,0.001170679,47.44008183
15600,10001,0.1470139,1.78E-06,0.15591991,0.04809845,14.700422,0.019192338,0.001216381,47.7650032
15700,10001,0.14697789,3.44E-06,0.1641607,0.049270283,14.704732,0.019491196,0.001313115,48.05195165
15800,10001,0.14702228,1.45E-06,0.15426031,0.048250977,14.701246,0.01924944,0.001160949,48.34018207
15900,10001,0.14703931,2.07E-06,0.15740839,0.04807537,14.700432,0.019193053,0.0010919,48.65804124
16000,10001,0.14700887,2.68E-06,0.1604132,0.049076445,14.7045,0.019475102,0.001423429,48.92994285
16100,10001,0.14706987,5.43E-06,0.17422551,0.04759043,14.698713,0.019073844,0.001984398,49.26154304
16200,10001,0.14704987,2.35E-06,0.1588039,0.048182666,14.701319,0.019254565,0.001237068,49.53994179
16300,10001,0.14707361,4.04E-06,0.16729352,0.04772656,14.699929,0.019158244,0.001611685,49.862257
16400,10001,0.14705178,2.96E-06,0.16185154,0.046037953,14.6934185,0.018706799,0.004713288,50.13709807
16500,10001,0.14704616,1.51E-06,0.15462083,0.048415635,14.702725,0.019352078,0.000833818,50.5101397
16600,10001,0.14703572,1.34E-06,0.1537248,0.04840364,14.702807,0.019357681,0.000947652,50.79993629
16700,10001,0.14704458,1.58E-06,0.15493266,0.048342284,14.70268,0.01934886,0.000946733,51.1299541
16800,10001,0.14702244,1.70E-06,0.15550958,0.048851877,14.704725,0.019490719,0.00105751,51.41005969
16900,10001,0.14703223,1.39E-06,0.15399294,0.048304312,14.702788,0.01935637,0.000841944,51.71500826
17000,10001,0.14697161,5.43E-06,0.17410079,0.049881723,14.708506,0.01975274,0.002401662,52.02010608
17100,10001,0.14703298,1.13E-06,0.15266576,0.04825585,14.702652,0.019346952,0.000931508,52.30995607
17200,10001,0.14705257,1.67E-06,0.1554281,0.048226293,14.702585,0.019342303,0.000925735,52.61995745
17300,10001,0.14703998,2.40E-06,0.1590497,0.048677064,14.704742,0.019491911,0.000872565,52.90213251
17400,10001,0.14703283,1.47E-06,0.15440176,0.048881773,14.705299,0.019530535,0.001170426,53.19993258
17500,10001,0.14707741,3.45E-06,0.1643396,0.047539383,14.700235,0.019179463,0.001476645,53.48008752
17600,10001,0.1470386,1.79E-06,0.15598196,0.04910225,14.706699,0.019627571,0.001212981,53.80743074
17700,10001,0.14705454,1.41E-06,0.15408084,0.04850277,14.704155,0.019451141,0.000833145,54.07995939
17800,10001,0.14705639,1.13E-06,0.1527019,0.048566986,14.7044735,0.019473195,0.000937364,54.3811326
17900,10001,0.14706717,1.47E-06,0.15444107,0.049051505,14.7066765,0.019626021,0.001041684,54.69976997
18000,10001,0.14704919,1.38E-06,0.15396738,0.04908457,14.706914,0.019642472,0.001211334,54.98981977
18100,10001,0.14703274,1.18E-06,0.15293948,0.04824119,14.7033415,0.019394755,0.000845509,55.30312037
18200,10001,0.14705041,1.36E-06,0.15383087,0.048524473,14.704554,0.019478798,0.001000068,55.57998109
18300,10001,0.14704858,1.55E-06,0.15479745,0.04860043,14.705536,0.019546866,0.001063261,55.90011144
18400,10001,0.14704601,1.29E-06,0.15350644,0.04842703,14.704758,0.019492984,0.000731745,56.16996074
18500,10001,0.14707594,2.15E-06,0.1578346,0.04790826,14.702842,0.019360065,0.000860816,56.51407862
18600,10001,0.14706883,1.66E-06,0.15537386,0.047614366,14.701657,0.01927805,0.001212082,56.78995299
18700,10001,0.14703184,2.27E-06,0.1583752,0.048702102,14.70586,0.019569397,0.001086888,57.11994624
18800,10001,0.14703336,1.34E-06,0.15373476,0.048434537,14.705146,0.019519806,0.000972899,57.40993619
18900,10001,0.14705396,2.87E-06,0.16142839,0.048677765,14.705793,0.019564748,0.00132226,57.72196198
19000,10001,0.14704584,1.24E-06,0.15324149,0.048232343,14.7044735,0.019473195,0.000918296,58.02396154
19100,10001,0.14703102,1.17E-06,0.15287764,0.048222445,14.7042675,0.01945901,0.000882008,58.3099823
19200,10001,0.14704004,1.13E-06,0.1526704,0.04789175,14.703171,0.019382954,0.000967153,58.65495372
19300,10001,0.14699453,4.20E-06,0.16800351,0.048783764,14.706865,0.019639015,0.001218269,58.93987322
19400,10001,0.14703813,1.11E-06,0.15259515,0.048083887,14.703957,0.019437432,0.000784326,59.28125238
19500,10001,0.14705786,1.22E-06,0.15315557,0.047810093,14.703216,0.019386053,0.000958037,59.56992364
19600,10001,0.14704356,1.13E-06,0.15270449,0.04832246,14.705263,0.019528031,0.000996282,59.92529035
19700,10001,0.14703521,1.03E-06,0.15218526,0.048062406,14.704136,0.01944983,0.00092117,60.29306197
19800,10001,0.14703521,1.18E-06,0.15293191,0.048156135,14.70472,0.019490361,0.000997383,60.59509182
19900,10001,0.14707762,2.92E-06,0.16167411,0.047201347,14.701075,0.019237638,0.001333856,60.87998629
20000,10001,0.14703618,1.09E-06,0.15248023,0.048030656,14.704298,0.019461036,0.000900188,61.17999005
20100,10001,0.14695366,1.44E-05,0.2187357,0.050854318,14.714998,0.020202875,0.004433804,61.49144363
20200,10001,0.14705133,1.10E-06,0.15255944,0.048002403,14.704297,0.019461036,0.001001591,61.79254508
20300,10001,0.14703593,1.51E-06,0.15456977,0.048596125,14.706601,0.019620776,0.001568028,62.14126587
20400,10001,0.14704527,1.25E-06,0.1532858,0.04831,14.705571,0.01954937,0.001027903,62.48993421
20500,10001,0.14703354,1.31E-06,0.15357861,0.04824051,14.705509,0.019545078,0.001073996,62.83246469
20600,10001,0.14704056,9.88E-07,0.15198024,0.048124973,14.705005,0.01951003,0.001008906,63.14001894
20700,10001,0.1470538,1.07E-06,0.15239553,0.04775736,14.703658,0.01941669,0.000871225,63.48974252
20800,10001,0.14706525,1.30E-06,0.15354468,0.04759291,14.702948,0.019367456,0.001212822,63.82013655
20900,10001,0.14707105,1.77E-06,0.15592875,0.047436345,14.702437,0.019332051,0.001025262,64.14002085
21000,10001,0.14703445,1.13E-06,0.15269111,0.04803921,14.705043,0.019512773,0.000895749,64.42969084
21100,10001,0.14704868,1.18E-06,0.15296835,0.047794577,14.704132,0.019449592,0.001038136,64.75991964
21200,10001,0.1470448,8.85E-07,0.15146787,0.047811486,14.704357,0.019465208,0.00076428,65.06005836
21300,10001,0.14702797,1.06E-06,0.15232275,0.0479247,14.70471,0.019489646,0.000819871,65.3998456
21400,10001,0.14702736,1.51E-06,0.15458648,0.0482314,14.706148,0.019589305,0.001108369,65.76699519
21500,10001,0.14703852,1.04E-06,0.1522306,0.047713593,14.7042465,0.01945746,0.000701557,66.12972164
21600,10001,0.14704055,9.68E-07,0.15187854,0.047495417,14.70323,0.019387007,0.000836897,66.44001245
21700,10001,0.14704144,8.51E-07,0.15129526,0.04762628,14.703704,0.019419909,0.000720643,66.77975106
21800,10001,0.14704666,1.06E-06,0.15233228,0.04753098,14.703485,0.01940465,0.000793167,67.08998418
21900,10001,0.14703801,1.01E-06,0.15209995,0.047694623,14.70393,0.019435525,0.000789286,67.42992091
22000,10001,0.14706239,1.40E-06,0.1540669,0.04729188,14.702664,0.019347787,0.000858881,67.72995186
22100,10001,0.14703447,1.19E-06,0.15298666,0.04769802,14.703974,0.019438624,0.000825326,68.08997226
22200,10001,0.14704093,9.63E-07,0.15185793,0.047611732,14.703875,0.01943171,0.000784885,68.47992492
22300,10001,0.14703654,1.04E-06,0.15221873,0.047364216,14.7029705,0.019369006,0.000914103,68.80203605
22400,10001,0.14703417,9.91E-07,0.15199028,0.047357265,14.702938,0.019366741,0.000776663,69.17432594
22500,10001,0.1470359,9.39E-07,0.15172969,0.047285713,14.702711,0.019351006,0.00080691,69.58160543
22600,10001,0.14705086,1.35E-06,0.15378445,0.046982683,14.701572,0.019272089,0.000972595,69.90009856
22700,10001,0.14706108,1.88E-06,0.15644953,0.046912484,14.701256,0.019250154,0.000934112,70.29991961
22800,10001,0.14702527,1.05E-06,0.152289,0.047713388,14.704514,0.019476056,0.001019808,70.61741924
22900,10001,0.14700715,2.24E-06,0.15819478,0.047815513,14.705063,0.019514084,0.001086806,70.95996141
23000,10001,0.14705032,1.09E-06,0.15248075,0.04718552,14.7026615,0.019347668,0.000798864,71.28994226
23100,10001,0.14703499,9.01E-07,0.15154275,0.0474544,14.70371,0.019420266,0.000760185,71.6514554
23200,10001,0.14702548,8.69E-07,0.1513704,0.04741345,14.703424,0.019400477,0.000778889,71.96009254
23300,10001,0.14703396,1.09E-06,0.15247896,0.04759868,14.70457,0.01947987,0.000955015,72.30971718
23400,10001,0.14701377,1.02E-06,0.152116,0.047178105,14.702532,0.019338608,0.000860894,72.65399003
23500,10001,0.14704612,1.11E-06,0.15257205,0.047035843,14.702162,0.019312978,0.000853429,72.96992922
23600,10001,0.14701277,9.18E-07,0.15160403,0.047154948,14.702408,0.019330025,0.000773792,73.2896843
23700,10001,0.14700945,1.09E-06,0.15247065,0.04722913,14.702994,0.019370675,0.000864843,73.65707779
23800,10001,0.14703093,9.37E-07,0.15171857,0.046720535,14.701052,0.019235969,0.000879738,73.97373343
23900,10001,0.1470223,9.32E-07,0.15168193,0.046679456,14.700931,0.019227624,0.000880305,74.32501197
24000,10001,0.14700234,1.02E-06,0.15208808,0.047043245,14.7023735,0.01932764,0.00101369,74.63002157
24100,10001,0.14702371,9.22E-07,0.15163277,0.046944097,14.701909,0.019295454,0.000750532,74.99471641
24200,10001,0.14702031,7.91E-07,0.15097429,0.04686079,14.701735,0.019283295,0.000842066,75.31180453
24300,10001,0.14702544,8.72E-07,0.15138695,0.0469695,14.702087,0.019307852,0.000761617,75.66973829
24400,10001,0.14702082,8.92E-07,0.15148106,0.047110125,14.702846,0.019360423,0.000810097,75.97501254
24500,10001,0.14702456,8.48E-07,0.15126367,0.046589796,14.700589,0.019203901,0.000944464,76.28356528
24600,10001,0.14700377,1.05E-06,0.1522778,0.04703854,14.702428,0.019331455,0.000888957,76.58003736
24700,10001,0.14701672,8.38E-07,0.15120487,0.046710566,14.701084,0.019238234,0.000726462,76.94005919
24800,10001,0.14700735,6.54E-07,0.15027715,0.04666649,14.700649,0.019208074,0.000736688,77.24984765
24900,10001,0.14702243,9.16E-07,0.15160449,0.046511978,14.700228,0.019178867,0.000865061,77.63014102
25000,10001,0.1470203,9.55E-07,0.1517962,0.046500213,14.700269,0.019181728,0.00079646,77.93999243
25100,10001,0.14703001,1.38E-06,0.15395232,0.046215117,14.699001,0.019093871,0.001035636,78.33168983
25200,10001,0.1470343,1.63E-06,0.15520112,0.046296366,14.6995,0.019128442,0.001013006,78.63996768
25300,10001,0.14700334,9.02E-07,0.1515158,0.046859987,14.701884,0.019293785,0.00075082,78.99976969
25400,10001,0.1470096,6.93E-07,0.15047307,0.0466793,14.701132,0.019241571,0.000646854,79.31009388
25500,10001,0.14700119,1.29E-06,0.15345684,0.04730848,14.703838,0.019429207,0.001226174,79.66003156
25600,10001,0.14701617,7.67E-07,0.15084936,0.046493307,14.700275,0.019182205,0.000723473,79.97001076
25700,10001,0.14703248,1.05E-06,0.1522811,0.04642166,14.700262,0.019181252,0.000684767,80.31994629
25800,10001,0.14700763,7.51E-07,0.15076102,0.046799164,14.701745,0.01928413,0.000539173,80.6399262
25900,10001,0.14701615,6.93E-07,0.15047963,0.046715822,14.70153,0.019269228,0.000671307,80.95609879
26000,10001,0.1470108,7.60E-07,0.15081276,0.04655675,14.700746,0.01921475,0.000612376,81.25992846
26100,10001,0.14700183,7.05E-07,0.15052721,0.046278566,14.699583,0.019134164,0.000947086,81.64005113
26200,10001,0.14699896,7.47E-07,0.15073654,0.04644678,14.700197,0.019176722,0.000644682,81.95010519
26300,10001,0.14698416,7.96E-07,0.15096551,0.046029057,14.698436,0.019054651,0.000864107,82.32999635
26400,10001,0.14697409,1.11E-06,0.152515,0.046388738,14.70001,0.019163847,0.000613173,82.66012168
26500,10001,0.14698154,6.62E-07,0.1502903,0.046087082,14.698624,0.019067645,0.000929476,83.00987959
26600,10001,0.14698854,8.42E-07,0.15119666,0.046424475,14.700315,0.019184947,0.00076464,83.32014918
26700,10001,0.1469813,7.31E-07,0.15063596,0.046195768,14.6990385,0.019096375,0.000880351,83.67998123
26800,10001,0.14698823,6.31E-07,0.15014574,0.045922805,14.69798,0.01902306,0.000868904,84.01511431
26900,10001,0.14698641,5.87E-07,0.1499222,0.046155993,14.698905,0.019087195,0.000803724,84.39992261
27000,10001,0.14700964,1.12E-06,0.15259318,0.04587821,14.697828,0.01901257,0.000849788,84.72294712
27100,10001,0.14699149,5.98E-07,0.14998059,0.046408955,14.700092,0.01916945,0.000874949,85.07996464
27200,10001,0.14699611,6.63E-07,0.15031233,0.046246316,14.699343,0.019117475,0.000807047,85.40505838
27300,10001,0.14698802,9.07E-07,0.15152398,0.04658722,14.700993,0.019231915,0.001005109,85.77978849
27400,10001,0.14699244,8.17E-07,0.15107812,0.04672849,14.701466,0.019264698,0.001297889,86.09011054
27500,10001,0.14701141,7.98E-07,0.15100025,0.04640016,14.700253,0.019180655,0.000700029,86.38997245
27600,10001,0.14700998,7.07E-07,0.15054545,0.046325173,14.700032,0.019165277,0.000743307,86.70003438
27700,10001,0.14700487,6.41E-07,0.15020826,0.04639262,14.700274,0.019182086,0.000902769,87.06003809
27800,10001,0.14700583,7.29E-07,0.15065221,0.046178598,14.699429,0.019123435,0.000842134,87.36989355
27900,10001,0.14700727,8.23E-07,0.1511236,0.046341836,14.700032,0.019165277,0.000862097,87.74301744
28000,10001,0.14698975,6.40E-07,0.15018862,0.046233732,14.699509,0.019129038,0.000743663,88.04491973
28100,10001,0.14700109,8.78E-07,0.15139344,0.04573606,14.697466,0.018987417,0.000551417,88.41076875
28200,10001,0.14696138,1.21E-06,0.15302463,0.046203382,14.699244,0.01911068,0.000893315,88.72970057
28300,10001,0.14698385,5.77E-07,0.14986694,0.045809817,14.69776,0.019007802,0.000563076,89.08261395
28400,10001,0.14699179,6.90E-07,0.150444,0.04576844,14.697506,0.018990159,0.000547413,89.39992428
28500,10001,0.14697485,7.61E-07,0.15078017,0.04603635,14.698654,0.01906979,0.000784254,89.76205468
28600,10001,0.14697187,7.00E-07,0.15047468,0.045974843,14.698473,0.019057274,0.000831578,90.08998322
28700,10001,0.14698026,6.36E-07,0.15015918,0.04575349,14.697629,0.018998742,0.000575457,90.43102765
28800,10001,0.14696357,6.70E-07,0.15031166,0.045709737,14.697358,0.018979907,0.000508136,90.79004025
28900,10001,0.14696954,5.66E-07,0.14979988,0.045522146,14.6964035,0.018913746,0.00055616,91.13006902
29000,10001,0.14694983,9.07E-07,0.15148452,0.045717604,14.697214,0.018969893,0.000602028,91.52973866
29100,10001,0.14696617,5.93E-07,0.14993285,0.045403652,14.695862,0.018876195,0.000530725,91.85498309
29200,10001,0.14695632,6.60E-07,0.15025467,0.04552931,14.69662,0.018928766,0.000695858,92.18444109
29300,10001,0.14696592,6.22E-07,0.15007499,0.0455827,14.696865,0.018945694,0.000562981,92.49967122
29400,10001,0.14695655,8.43E-07,0.15117112,0.045836337,14.697911,0.019018292,0.000641504,92.85000944
29500,10001,0.14696677,5.73E-07,0.14982967,0.045609552,14.696996,0.018954754,0.000750855,93.20013094
29600,10001,0.14696394,6.42E-07,0.15017526,0.045701697,14.697334,0.018978238,0.00074108,93.58010101
29700,10001,0.14696588,5.56E-07,0.14974801,0.0454533,14.6963005,0.018906593,0.00077744,93.91004276
29800,10001,0.14697872,7.97E-07,0.15096541,0.045250878,14.6953335,0.018839598,0.000936104,94.29170513
29900,10001,0.14696197,5.69E-07,0.14980555,0.04556,14.696758,0.018938303,0.00073371,94.65706086
30000,10001,0.14695959,7.97E-07,0.15094514,0.045646153,14.69722,0.01897037,0.000878084,95.02283072
30100,10001,0.14696203,5.91E-07,0.14991625,0.04536486,14.69585,0.01887536,0.000801036,95.42192459
30200,10001,0.14696983,5.68E-07,0.14980903,0.045432217,14.696254,0.018903375,0.000751089,95.79013777
30300,10001,0.14696956,6.11E-07,0.15002722,0.045482047,14.696472,0.018918514,0.000866001,96.22474265
30400,10001,0.14696144,6.38E-07,0.15015122,0.04571277,14.697357,0.018979907,0.000968747,96.57507038
30500,10001,0.146958,6.42E-07,0.15016648,0.04543596,14.696143,0.018895745,0.000772578,96.89991236
30600,10001,0.14696969,7.43E-07,0.15068722,0.04525664,14.695266,0.01883483,0.000750361,97.22969222
30700,10001,0.14696227,5.84E-07,0.14988415,0.04560067,14.69694,0.01895094,0.00094821,97.62014508
30800,10001,0.14696115,6.48E-07,0.1502032,0.045510296,14.696588,0.018926501,0.000792032,97.93999219
30900,10001,0.14695808,5.43E-07,0.14967208,0.045606796,14.696808,0.01894176,0.000896978,98.34001803
31000,10001,0.14695966,5.41E-07,0.14966516,0.045248885,14.695323,0.018838882,0.000604794,98.68559957
31100,10001,0.14695105,5.67E-07,0.1497864,0.045249984,14.695219,0.01883161,0.000691761,99.04988766
31200,10001,0.14694601,6.16E-07,0.15002431,0.045333076,14.695548,0.01885438,0.0007876,99.36968374
31300,10001,0.14694807,4.44E-07,0.14916758,0.045167234,14.694845,0.018805742,0.000602993,99.72006178
31400,10001,0.14694174,5.60E-07,0.14974387,0.045293443,14.695466,0.018848777,0.000657394,100.0799134
31500,10001,0.14695203,5.20E-07,0.14955129,0.04521611,14.695222,0.01883185,0.000594696,100.4699118
31600,10001,0.14695515,5.49E-07,0.14970016,0.04528536,14.695444,0.018847227,0.000592251,100.8399537
31700,10001,0.1469499,6.21E-07,0.15005274,0.045468457,14.696348,0.018909931,0.000831924,101.1696675
31800,10001,0.14694898,5.21E-07,0.14955463,0.045338318,14.695805,0.018872261,0.00066962,101.5555432
31900,10001,0.14695486,5.68E-07,0.14979644,0.04532687,14.695578,0.018856525,0.000747139,101.8597355
32000,10001,0.146961,5.35E-07,0.14963736,0.045440942,14.696163,0.018897057,0.000841847,102.1697197
32100,10001,0.14696418,4.97E-07,0.14944807,0.045291238,14.695433,0.018846393,0.000865049,102.4701009
32200,10001,0.14696059,5.54E-07,0.14972885,0.045646816,14.697229,0.018970966,0.001175548,102.8499544
32300,10001,0.14695972,5.72E-07,0.14982137,0.04542996,14.696221,0.01890111,0.000906793,103.149873
32400,10001,0.14694779,5.46E-07,0.14967567,0.04538694,14.6959095,0.018879533,0.00099357,103.5199733
32500,10001,0.14694676,4.44E-07,0.14916772,0.045321986,14.695736,0.018867493,0.000812804,103.8197935
32600,10001,0.1469419,4.92E-07,0.14940372,0.045032296,14.69429,0.018767238,0.000524306,104.1819537
32700,10001,0.14694086,5.94E-07,0.1499097,0.044896618,14.6938305,0.018735409,0.000508405,104.4899602
32800,10001,0.14693543,6.99E-07,0.15042898,0.04524047,14.695435,0.018846512,0.000648871,104.8969488
32900,10001,0.14694151,4.98E-07,0.14943233,0.044899017,14.69378,0.018731833,0.00046879,105.2160757
33000,10001,0.14693826,4.77E-07,0.14932477,0.04492859,14.693865,0.018737793,0.000510391,105.5398171
33100,10001,0.14693828,4.54E-07,0.1492092,0.04480924,14.693331,0.018700719,0.000538917,105.8511252
33200,10001,0.14693187,4.97E-07,0.14941597,0.044703756,14.69281,0.018664598,0.000573404,106.2399383
33300,10001,0.14694257,5.96E-07,0.14992392,0.04469802,14.692785,0.01866293,0.000593277,106.5646148
33400,10001,0.14692503,5.86E-07,0.14985722,0.044863753,14.69339,0.018704772,0.000535192,106.9617245
33500,10001,0.1469179,5.94E-07,0.14988792,0.044727568,14.69275,0.018660426,0.000533545,107.2809603
33600,10001,0.14692396,5.23E-07,0.14954023,0.04465768,14.692455,0.018640041,0.00071487,107.6620259
33700,10001,0.14692736,5.35E-07,0.14960319,0.044673495,14.692532,0.018645287,0.000747375,107.990653
33800,10001,0.14691837,6.09E-07,0.1499628,0.044754162,14.693032,0.018679976,0.000702644,108.393456
33900,10001,0.14692722,4.68E-07,0.14926706,0.044651404,14.692558,0.018647194,0.000831769,108.7299521
34000,10001,0.14692971,5.59E-07,0.1497238,0.044731203,14.692959,0.01867497,0.000826936,109.0935955
34100,10001,0.1469275,4.40E-07,0.14912947,0.044693656,14.692707,0.018657446,0.000838482,109.4498386
34200,10001,0.14692126,4.10E-07,0.14897306,0.044778295,14.693054,0.018681526,0.000751,109.7801311
34300,10001,0.14692226,5.09E-07,0.14946564,0.044648346,14.692482,0.01864183,0.000644971,110.1601255
34400,10001,0.14691655,5.89E-07,0.14986397,0.044761658,14.693111,0.01868546,0.000690558,110.4699354
34500,10001,0.14692795,5.05E-07,0.14945295,0.04456452,14.692095,0.018615007,0.000525067,110.8576081
34600,10001,0.14692606,5.40E-07,0.1496255,0.044667553,14.69256,0.018647313,0.000582578,111.2099226
34700,10001,0.14692426,5.02E-07,0.14943475,0.044629313,14.692374,0.018634439,0.000542552,111.5735598
34800,10001,0.14691982,5.27E-07,0.14955601,0.044663545,14.6925125,0.018643975,0.000601204,111.9298658
34900,10001,0.14691801,5.32E-07,0.14957833,0.044520944,14.691696,0.01858735,0.000651751,112.3099153
35000,10001,0.14691246,4.55E-07,0.14918698,0.044328056,14.690792,0.018524647,0.000587374,112.8517623
35100,10001,0.14690834,4.18E-07,0.14900082,0.044314627,14.690735,0.018520713,0.000686182,113.2397556
35200,10001,0.1469046,5.95E-07,0.14987864,0.04443284,14.691266,0.018557549,0.000592554,113.58971
35300,10001,0.14691421,4.78E-07,0.14930564,0.04451286,14.691698,0.01858747,0.000524318,113.8939734
35400,10001,0.14691672,4.27E-07,0.14905415,0.044530034,14.691893,0.01860106,0.000608725,114.2498026
35500,10001,0.1469181,4.25E-07,0.14904201,0.04459416,14.692011,0.018609166,0.000677916,114.549948
35600,10001,0.1469242,4.37E-07,0.14910829,0.044771764,14.692923,0.018672466,0.000776347,114.9299433
35700,10001,0.14692001,4.93E-07,0.14938663,0.04461302,14.692156,0.018619299,0.000488445,115.3484764
35800,10001,0.14692155,4.28E-07,0.14906265,0.044414103,14.691147,0.018549323,0.00054117,115.7801003
35900,10001,0.14692263,4.28E-07,0.14906463,0.044638656,14.692183,0.018621087,0.000566442,116.109977
36000,10001,0.14692035,4.80E-07,0.1493213,0.044534307,14.69163,0.01858282,0.000505474,116.4950864
36100,10001,0.14691411,4.65E-07,0.14924054,0.044489585,14.69149,0.018573046,0.000499272,116.8299377
36200,10001,0.146914,4.96E-07,0.14939333,0.044520598,14.691531,0.018575907,0.000510604,117.1854496
36300,10001,0.14691687,4.80E-07,0.14931527,0.04455162,14.691698,0.01858747,0.00058873,117.509738
36400,10001,0.14691061,4.28E-07,0.14904946,0.044418957,14.691117,0.018547297,0.000737224,117.8497462
36500,10001,0.1469154,4.07E-07,0.14895187,0.044338476,14.690799,0.018525124,0.000790631,118.1957076
36600,10001,0.14691198,3.74E-07,0.14878078,0.04435542,14.690792,0.018524647,0.000593003,118.5097415
36700,10001,0.14691229,5.01E-07,0.14941564,0.044434316,14.69129,0.018559217,0.000666974,118.836937
36800,10001,0.14691234,4.19E-07,0.14900562,0.044386055,14.690941,0.018535018,0.000705051,119.1699188
36900,10001,0.14690964,5.17E-07,0.14949644,0.04446456,14.691286,0.018558979,0.000796291,119.520947
37000,10001,0.14690757,4.62E-07,0.14921817,0.04431221,14.690507,0.018504977,0.000836267,119.8300765
37100,10001,0.14689538,4.61E-07,0.14920136,0.04423585,14.690096,0.018476486,0.000911,120.1976061
37200,10001,0.14689516,4.31E-07,0.1490502,0.043885898,14.688245,0.018348098,0.00093204,120.507931
37300,10001,0.1468924,3.73E-07,0.14875676,0.04386291,14.688123,0.018339634,0.000917655,120.9059508
37400,10001,0.14688785,4.21E-07,0.14899263,0.043937474,14.688517,0.018366933,0.000779678,121.3199961
37500,10001,0.14689128,4.57E-07,0.14917523,0.043819252,14.687915,0.01832521,0.000897512,121.6415732
37600,10001,0.14688678,4.39E-07,0.14908053,0.044037096,14.689033,0.018402696,0.000631323,121.985584
37700,10001,0.14689176,4.61E-07,0.14919537,0.044020228,14.68886,0.018390775,0.000682391,122.3909187
37800,10001,0.1468872,3.81E-07,0.14879212,0.044077445,14.689139,0.018410087,0.00071978,122.7426479
37900,10001,0.14687867,4.35E-07,0.14905162,0.044016715,14.688806,0.01838696,0.000560442,123.1198926
38000,10001,0.14687465,4.41E-07,0.14907941,0.043841172,14.687933,0.01832652,0.000602285,123.4499564
38100,10001,0.14687464,4.99E-07,0.14937072,0.043905344,14.688305,0.01835227,0.000652808,123.7899957
38200,10001,0.1468766,4.76E-07,0.14925733,0.043767627,14.687562,0.018300772,0.00062672,124.1699793
38300,10001,0.1468775,4.37E-07,0.14906453,0.043735318,14.687332,0.018284798,0.0007009,124.5200284
38400,10001,0.1468733,4.90E-07,0.1493259,0.04385538,14.6879015,0.018324256,0.000556625,124.9016049
38500,10001,0.14687614,5.05E-07,0.14940009,0.0439122,14.688271,0.018349886,0.000490445,125.2000291
38600,10001,0.14687544,4.39E-07,0.14907055,0.043731213,14.687264,0.018280149,0.000585553,125.6007152
38700,10001,0.14687505,5.22E-07,0.1494875,0.04385427,14.687918,0.018325448,0.000562288,125.9242034
38800,10001,0.14687225,3.81E-07,0.14877619,0.04371954,14.687174,0.01827383,0.000562029,126.2530086
38900,10001,0.14687537,5.14E-07,0.1494447,0.0437936,14.687628,0.018305302,0.00048635,126.5583303
39000,10001,0.14687517,4.58E-07,0.14916778,0.043682203,14.687047,0.018265009,0.000614792,126.9308462
39100,10001,0.14687356,4.35E-07,0.1490486,0.043734815,14.687315,0.018283606,0.000567463,127.3657036
39200,10001,0.14686367,4.10E-07,0.1489162,0.043705255,14.687176,0.01827395,0.000528252,127.7299867
39300,10001,0.14686993,4.10E-07,0.14892109,0.04368024,14.686943,0.018257856,0.000575002,128.0731449
39400,10001,0.14686704,4.59E-07,0.14916436,0.04365994,14.686918,0.018256068,0.000547363,128.4551589
39500,10001,0.14686224,5.09E-07,0.14940612,0.04359422,14.686476,0.018225431,0.000506099,128.7779653
39600,10001,0.1468702,5.21E-07,0.14947668,0.043638907,14.686696,0.01824069,0.000518804,129.1607442
39700,10001,0.14686964,4.90E-07,0.14932176,0.04361782,14.686646,0.018237233,0.000561579,129.489743
39800,10001,0.14686172,3.61E-07,0.14866723,0.043595992,14.68643,0.018222213,0.000533054,129.9698603
39900,10001,0.14686526,3.98E-07,0.14885707,0.04371722,14.687157,0.018272638,0.00042226,130.290143
40000,10001,0.14686607,4.81E-07,0.1492699,0.043693244,14.686973,0.018259883,0.000422008,130.5999613
40100,10001,0.14686343,5.14E-07,0.14943235,0.043621764,14.686583,0.018232822,0.000497271,130.920939
40200,10001,0.14686775,4.35E-07,0.14904192,0.04364991,14.6867285,0.018242955,0.000440065,131.4237859
40300,10001,0.14687426,4.52E-07,0.14913653,0.043702282,14.687013,0.018262625,0.000442118,131.7700076
40400,10001,0.14686555,4.32E-07,0.14902368,0.043650698,14.6867695,0.018245816,0.000460447,132.149682
40500,10001,0.14686622,3.95E-07,0.14884268,0.043612666,14.686546,0.018230319,0.00052887,132.4924786
40600,10001,0.1468642,4.09E-07,0.1489103,0.04360348,14.686449,0.018223643,0.000528828,132.8429983
40700,10001,0.14686124,4.13E-07,0.14892793,0.043488096,14.685936,0.018188,0.000647538,133.1800888
40800,10001,0.14685963,4.33E-07,0.14902289,0.043525483,14.686085,0.018198371,0.000612385,133.5044341
40900,10001,0.14686665,4.46E-07,0.14909731,0.043501787,14.686054,0.018196225,0.000655611,133.830039
41000,10001,0.14686368,4.92E-07,0.14932184,0.04367699,14.6868725,0.018252969,0.000464039,134.1612024
41100,10001,0.14686693,4.42E-07,0.14907761,0.043722376,14.687148,0.018272042,0.000460688,134.4955812
41200,10001,0.14686742,3.66E-07,0.14869808,0.043564852,14.686361,0.018217564,0.000602202,134.8200839
41300,10001,0.1468683,3.36E-07,0.14854671,0.0436304,14.686697,0.01824081,0.000593053,135.1699615
41400,10001,0.14686781,4.33E-07,0.14903232,0.04367618,14.686932,0.018257022,0.000509776,135.510107
41500,10001,0.14686924,4.55E-07,0.14914632,0.043648593,14.686869,0.01825273,0.000588253,135.9309318
41600,10001,0.14687364,3.82E-07,0.14878342,0.04364413,14.686806,0.01824832,0.000509363,136.2309706
41700,10001,0.14686155,4.60E-07,0.14916387,0.04356558,14.686396,0.018219948,0.000574782,136.5396552
41800,10001,0.14686783,4.05E-07,0.14889514,0.043652132,14.686776,0.018246293,0.000523891,136.8396997
41900,10001,0.14687167,4.02E-07,0.14888091,0.043692593,14.686979,0.01826036,0.000553199,137.169708
42000,10001,0.14687207,4.38E-07,0.14906143,0.04374908,14.687357,0.018286586,0.000606562,137.5000789
42100,10001,0.14687283,4.19E-07,0.14896639,0.043667495,14.68692,0.018256307,0.000617958,137.8500035
42200,10001,0.1468718,3.63E-07,0.14868775,0.043675683,14.686893,0.0182544,0.000638815,138.1698065
42300,10001,0.14686756,4.48E-07,0.14910918,0.04378458,14.687439,0.018292189,0.000668851,138.5199966
42400,10001,0.14687246,3.88E-07,0.1488124,0.043758173,14.687267,0.018280268,0.000649436,138.8600991
42500,10001,0.1468703,4.53E-07,0.14913309,0.043751985,14.687202,0.018275857,0.000683966,139.1999874
42600,10001,0.14687052,3.96E-07,0.14885087,0.043816786,14.687515,0.018297553,0.00075563,139.5298989
42700,10001,0.14687487,4.00E-07,0.14887567,0.04368682,14.686827,0.01824975,0.000596724,139.8697767
42800,10001,0.14686851,3.52E-07,0.14862731,0.043655477,14.686647,0.018237352,0.00061003,140.2034018
42900,10001,0.14687136,3.89E-07,0.14881413,0.04370846,14.686941,0.018257737,0.000519249,140.5100758
43000,10001,0.14686836,4.69E-07,0.14921503,0.043672364,14.686756,0.018244863,0.000531951,140.8798738
43100,10001,0.14686877,4.09E-07,0.14891532,0.04371651,14.686953,0.018258452,0.000595655,141.1800942
43200,10001,0.14686918,4.35E-07,0.14904484,0.043750357,14.6872,0.018275619,0.000614539,141.5450032
43300,10001,0.14687319,4.35E-07,0.14904816,0.043802988,14.687468,0.018294215,0.000732792,141.8799403
43400,10001,0.14687498,3.91E-07,0.14883146,0.043741845,14.687172,0.018273711,0.000720563,142.2599394
43500,10001,0.14687023,3.75E-07,0.1487448,0.043737337,14.687141,0.018271565,0.000730784,142.575063
43600,10001,0.14686042,3.56E-07,0.14863932,0.043521844,14.686019,0.018193722,0.000534154,142.9999435
43700,10001,0.14686869,3.75E-07,0.14874525,0.043686412,14.686812,0.018248796,0.000597864,143.2899935
43800,10001,0.14687043,3.67E-07,0.1487032,0.043636445,14.686571,0.018232107,0.000569747,143.6800067
43900,10001,0.14686829,3.77E-07,0.14875418,0.043686904,14.686775,0.018246174,0.00065896,143.9909275
44000,10001,0.14686735,3.93E-07,0.14883387,0.0436844,14.6867695,0.018245816,0.000619815,144.3899715
44100,10001,0.1468608,4.29E-07,0.14900593,0.043590706,14.686245,0.018209457,0.000520472,144.7116368
44200,10001,0.14686418,3.57E-07,0.1486491,0.04352912,14.68595,0.018189073,0.000494199,145.0596919
44300,10001,0.14686598,3.95E-07,0.14883909,0.043679867,14.686737,0.018243551,0.000562416,145.4117908
44400,10001,0.14686362,4.09E-07,0.14890862,0.04361513,14.686302,0.018213391,0.00055848,145.7718306
44500,10001,0.1468664,3.95E-07,0.14884026,0.04367347,14.686634,0.018236399,0.000613209,146.080019
44600,10001,0.14686121,4.51E-07,0.1491159,0.04372708,14.686915,0.018255949,0.000622286,146.3799174
44700,10001,0.14686273,4.50E-07,0.14911509,0.043599788,14.686192,0.018205762,0.000526697,146.6926265
44800,10001,0.14686374,4.35E-07,0.14904068,0.04364398,14.686392,0.01821959,0.000503679,147.0420105
44900,10001,0.14686576,3.88E-07,0.1488072,0.043663032,14.686536,0.018229604,0.000579483,147.3397093
45000,10001,0.14686313,3.14E-07,0.14843453,0.043642987,14.6863985,0.018220067,0.000552994,147.6999698
45100,10001,0.1468643,3.51E-07,0.14862037,0.043639425,14.686343,0.018216252,0.000563192,148.0140097
45200,10001,0.14686757,3.30E-07,0.14851752,0.043671533,14.686518,0.018228412,0.000654546,148.3699811
45300,10001,0.14686751,3.82E-07,0.14877644,0.043674998,14.686474,0.018225312,0.000666008,148.6799281
45400,10001,0.1468656,3.74E-07,0.14873616,0.043665282,14.686464,0.018224597,0.000753197,149.0397482
45500,10001,0.14686717,4.19E-07,0.14896463,0.043678664,14.6865,0.0182271,0.000739848,149.3697064
45600,10001,0.14686584,4.10E-07,0.1489149,0.043639906,14.686338,0.018215895,0.000727861,149.7201486
45700,10001,0.14686757,4.51E-07,0.149124,0.043776203,14.687064,0.018266201,0.000901365,150.0235727
45800,10001,0.14685966,5.08E-07,0.14939888,0.043695994,14.686537,0.018229723,0.000792555,150.3797388
45900,10001,0.14686188,3.81E-07,0.14876597,0.04364151,14.68622,0.01820767,0.000701397,150.6934681
46000,10001,0.14685968,3.99E-07,0.14885509,0.04360031,14.686007,0.018192887,0.00066815,151.0598311
46100,10001,0.14686418,3.59E-07,0.14865914,0.04367301,14.686396,0.018219948,0.000705667,151.3599663
46200,10001,0.14685926,4.31E-07,0.14901572,0.043670587,14.686404,0.018220544,0.000740958,151.7298846
46300,10001,0.14686744,4.44E-07,0.14908822,0.043660026,14.686382,0.018218994,0.000646262,152.0270941
46400,10001,0.14686184,4.41E-07,0.14906771,0.04368387,14.686438,0.018222809,0.000725547,152.3348076
46500,10001,0.14686222,3.43E-07,0.14857893,0.043658346,14.686241,0.018209219,0.000734684,152.6350141
46600,10001,0.14686632,3.81E-07,0.14877343,0.04370714,14.686506,0.018227577,0.00077949,153.0099664
46700,10001,0.1468628,3.65E-07,0.1486882,0.043625306,14.686074,0.018197656,0.00069782,153.311657
46800,10001,0.14686348,3.55E-07,0.14863914,0.04367317,14.686373,0.018218279,0.000722465,153.6457317
46900,10001,0.14686358,3.87E-07,0.14879681,0.04369798,14.686464,0.018224597,0.000781826,153.9799435
47000,10001,0.14686495,3.91E-07,0.14881872,0.043640118,14.686191,0.018205643,0.00072215,154.3197324
47100,10001,0.14686142,3.23E-07,0.14847578,0.043639317,14.68619,0.018205643,0.000655652,154.6499426
47200,10001,0.14686115,4.19E-07,0.14895636,0.04361204,14.686012,0.018193364,0.000546238,154.9999785
47300,10001,0.14685969,3.57E-07,0.14864588,0.043560725,14.685745,0.018174767,0.000489408,155.363513
47400,10001,0.14685844,3.98E-07,0.14884944,0.043547824,14.685604,0.018164992,0.000527327,155.7801092
47500,10001,0.14685658,3.90E-07,0.14880867,0.043573752,14.685722,0.018173218,0.000625989,156.1199684
47600,10001,0.14685577,3.50E-07,0.14860412,0.043585565,14.685806,0.018179059,0.000642183,156.4617105
47700,10001,0.14685652,3.21E-07,0.14846228,0.04352334,14.6854925,0.018157244,0.000673459,156.7950842
47800,10001,0.14685272,3.39E-07,0.1485457,0.043440323,14.684981,0.018121839,0.000602189,157.177073
47900,10001,0.14685534,3.26E-07,0.14848605,0.043493558,14.685316,0.018145084,0.000543773,157.4799173
48000,10001,0.14685053,3.83E-07,0.14876482,0.043441348,14.685043,0.01812613,0.000552489,157.8500829
48100,10001,0.14685449,4.23E-07,0.1489702,0.043494593,14.685352,0.018147588,0.000575777,158.1639335
48200,10001,0.14684415,4.01E-07,0.14885171,0.04333386,14.684484,0.018087268,0.000616977,158.5396917
48300,10001,0.14684746,3.30E-07,0.14849786,0.043354362,14.684608,0.01809597,0.000614112,158.8800511
48400,10001,0.1468504,3.85E-07,0.14877462,0.04344327,14.685095,0.018129706,0.000615865,159.2497334
48500,10001,0.14684789,4.10E-07,0.14889924,0.043451056,14.685128,0.018131971,0.000662139,159.5644665
48600,10001,0.14684637,3.39E-07,0.14854129,0.043340944,14.684553,0.018092155,0.000620625,159.9196992
48700,10001,0.14684401,3.79E-07,0.14874165,0.04330133,14.684345,0.018077731,0.000625967,160.2399426
48800,10001,0.14684662,3.85E-07,0.1487699,0.043418847,14.684913,0.01811707,0.000613498,160.5499043
48900,10001,0.14684665,3.75E-07,0.14871974,0.043368865,14.684607,0.018095851,0.000738017,160.8529246
49000,10001,0.14684819,4.32E-07,0.14901021,0.04338124,14.684748,0.018105626,0.000746747,161.2201478
49100,10001,0.146848,4.02E-07,0.14885677,0.043439023,14.6850395,0.018125892,0.000758346,161.5359273
49200,10001,0.1468534,3.81E-07,0.1487574,0.043481525,14.685318,0.018145204,0.000745461,161.9169226
49300,10001,0.14685038,3.20E-07,0.14844994,0.043449428,14.685148,0.018133402,0.000695451,162.2197585
49400,10001,0.14685284,4.01E-07,0.14885664,0.043510105,14.685457,0.01815486,0.000750324,162.6339152
49500,10001,0.14685069,3.53E-07,0.14861622,0.04342179,14.685032,0.018125296,0.00067107,162.9599349
49600,10001,0.14684798,3.48E-07,0.14858639,0.04336035,14.684689,0.018101573,0.000684134,163.3151283
49700,10001,0.1468503,3.61E-07,0.14865588,0.043418676,14.684988,0.018122315,0.000760738,163.6298342
49800,10001,0.14685053,3.35E-07,0.14852351,0.04342617,14.68503,0.018125176,0.000735736,163.9399908
49900,10001,0.14684854,3.56E-07,0.14862971,0.043407563,14.684955,0.018119931,0.000754707,164.2409992
50000,10001,0.14684828,3.52E-07,0.14860916,0.04338606,14.684831,0.018111348,0.000746933,164.6146858
