iteration,beta,loss_a,loss_b,loss_m,loss,loss_mul,L2-error,objective-error,constraint-error,runtime
0,100.0,0.048961394,3.1825875e-06,-1.8939023e-05,0.049101584,0.021533888,0.0011971357,0.22027113,0.00022905853,4.7199578285217285
100,105.101,0.03831498,2.9826952e-06,7.1373164e-05,0.038543094,0.02763254,0.0015728561,0.20141843,0.00014762601,6.750956058502197
200,110.4622,0.030894918,2.6499742e-06,-5.443707e-06,0.031035835,0.026573956,0.0011613842,0.17990217,0.0002005983,8.129945278167725
300,116.09688,0.026652645,2.9662722e-06,9.601531e-05,0.026920848,0.03634375,0.0014131912,0.16340138,0.00012303115,9.509978294372559
400,122.018974,0.021904983,3.1999446e-06,6.853698e-05,0.022168746,0.04836351,0.001315891,0.14561535,0.00017640353,10.889945030212402
500,128.24316,0.018407302,3.8324606e-06,7.98474e-05,0.018732892,0.06264873,0.0014467882,0.13381164,0.00018474094,12.213455438613892
600,134.78485,0.014645149,5.117302e-06,6.6012915e-05,0.015056029,0.08405267,0.0017141064,0.12381848,0.00015128938,13.560173749923706
700,141.66023,0.014119013,5.4127217e-06,0.000119016455,0.014621413,0.10280853,0.0017910085,0.11849513,0.00024968258,14.949979543685913
800,148.8863,0.01373033,5.239516e-06,0.00010659454,0.014226971,0.11513621,0.0017486507,0.11511993,0.00023462085,16.339959621429443
900,156.481,0.013337228,5.47167e-06,0.00014026249,0.013905597,0.12749873,0.0017441141,0.11340616,0.00016323288,17.721977949142456
1000,164.4631,0.012942541,4.74996e-06,0.00011524992,0.013448388,0.12325051,0.0016316768,0.112435006,0.00014742068,19.094067335128784
1100,172.85236,0.01294441,3.9217293e-06,0.00018494535,0.013468295,0.11222702,0.0015272261,0.111660354,0.00019353718,20.511139631271362
1200,181.66954,0.012016614,3.2928638e-06,0.00013765025,0.012453371,0.097587585,0.0014314558,0.1108071,0.00017980342,21.879950046539307
1300,190.9365,0.011953835,2.4793337e-06,0.00014641575,0.012336949,0.08840479,0.0012184569,0.11013115,0.00013962103,23.299981832504272
1400,200.67616,0.012250058,1.9816698e-06,0.00012831143,0.012577207,0.07968347,0.0011321494,0.109157234,0.00012869936,24.733766078948975
1500,210.91264,0.01222423,1.4746423e-06,0.00012354011,0.01250328,0.06395377,0.00092345383,0.10837567,7.016649e-05,26.121454000473022
1600,221.67131,0.012322894,1.0050917e-06,8.894835e-05,0.012523242,0.052003033,0.0008261665,0.107295945,7.6502045e-05,27.479940176010132
1700,232.97874,0.011742414,6.863769e-07,6.4632804e-05,0.011887003,0.036693994,0.000649292,0.10636686,3.1304222e-05,28.793193578720093
1800,244.86299,0.010909125,4.9152004e-07,2.6650232e-05,0.010995953,0.029719021,0.00059288077,0.105097786,3.4981298e-05,30.114187240600586
1900,257.35345,0.010869532,3.2279343e-07,-4.9251656e-07,0.010910575,0.020911014,0.00046093305,0.10399766,1.2426782e-05,31.489983558654785
2000,270.48108,0.0103748385,2.4171862e-07,-3.476958e-05,0.010372759,0.017332543,0.0003798423,0.10249156,2.9286319e-05,32.82422161102295
2100,284.27832,0.010269529,2.2823237e-07,-5.1566418e-05,0.010250404,0.018301735,0.00035670586,0.10109004,3.6714388e-05,34.2260799407959
2200,298.7794,0.010289803,2.5115125e-07,-7.029746e-05,0.010257025,0.019460551,0.00038041553,0.09920664,4.6737765e-05,35.599953174591064
2300,314.02014,0.009436143,2.5329453e-07,-7.505445e-05,0.009400858,0.024492959,0.0003315073,0.097559266,6.3814026e-05,36.98318934440613
2400,330.0383,0.0086932955,9.673164e-07,-0.00017216092,0.00868076,0.043840967,0.0008192976,0.09549511,0.00013219076,38.36000919342041
2500,346.87357,0.008908578,3.6151027e-07,-6.751318e-05,0.008903764,0.03463208,0.00039184603,0.09362486,9.216792e-05,39.78998255729675
2600,364.5676,0.008078149,9.5055407e-07,-9.426415e-05,0.0081571555,0.10710789,0.0008272878,0.091023274,7.2573675e-05,41.17199492454529
2700,383.16418,0.007968023,3.9837667e-07,-6.664248e-05,0.007977703,0.058008295,0.0003745535,0.08890805,9.7741446e-05,42.580029010772705
2800,402.7094,0.007504666,4.312197e-07,-6.3549385e-05,0.007527945,0.068772,0.0003915371,0.08599051,0.00010673164,43.9699764251709
2900,423.25162,0.0070619117,4.3498585e-07,-5.30937e-05,0.007100872,0.077343926,0.0003888398,0.083383,0.000106945925,45.36996555328369
3000,444.84167,0.006154318,4.9882885e-07,-4.9682734e-05,0.006215585,0.09733421,0.0004117849,0.07999638,0.000113624505,46.7600040435791
3100,467.53302,0.0059573287,5.0721013e-07,-4.4110875e-05,0.0060317866,0.110122696,0.00041952674,0.07703322,0.00011826372,48.169997453689575
3200,491.38187,0.00527648,5.9971995e-07,-3.6825055e-05,0.0053870007,0.14321312,0.00046362847,0.07302934,0.00011938311,49.63181781768799
3300,516.44727,0.0047122794,6.1571967e-07,-3.427591e-05,0.004836997,0.16371362,0.00046617875,0.06957778,0.00012739433,50.99997353553772
3400,542.79126,0.004216435,6.28654e-07,-2.7869191e-05,0.0043591796,0.18331867,0.00047236652,0.06510053,0.0001269367,52.320068359375
3500,570.47906,0.0039529977,6.877633e-07,-2.6048632e-05,0.004123126,0.22094162,0.00050446484,0.061324563,0.00013364703,53.65002489089966
3600,599.57916,0.0032087234,6.3543683e-07,-1.7769444e-05,0.0033814514,0.22705191,0.00047437495,0.056397554,0.00012502667,54.98005795478821
3700,630.1637,0.0027125916,6.641892e-07,-1.203453e-05,0.002909831,0.2630773,0.00048448014,0.05235016,0.00012333826,56.30009126663208
3800,662.3083,0.0022522297,6.681995e-07,-8.303669e-06,0.0024652032,0.2917683,0.0004923793,0.047379974,0.00012297892,57.68998956680298
3900,696.0927,0.0018427192,6.538909e-07,-3.5509552e-06,0.0020667526,0.31622118,0.00046995952,0.043577168,0.00011744198,59.12016844749451
4000,731.6004,0.0014783313,6.332272e-07,-8.267447e-07,0.0017091392,0.33579835,0.00046267215,0.038948473,0.00010886819,60.56999373435974
4100,768.9193,0.0012467587,6.255816e-07,3.3124784e-06,0.0014905821,0.36933014,0.00045665103,0.03520513,0.00010758423,62.014039278030396
4200,808.1419,0.0010064743,6.1837807e-07,3.1757777e-06,0.0012595187,0.40112844,0.00045090707,0.03124308,0.00010574857,63.41996622085571
4300,849.36523,0.0007433265,5.673696e-07,4.777912e-06,0.0009890564,0.40905565,0.00042938534,0.028402558,9.443564e-05,64.84003376960754
4400,892.69135,0.0006891394,5.655914e-07,4.2810952e-06,0.0009458698,0.45010322,0.0004157467,0.025608115,8.6869346e-05,66.28288173675537
4500,938.2275,0.0005514835,5.6994315e-07,2.9400583e-06,0.0008217917,0.5010863,0.00041263428,0.023758445,8.1115e-05,67.72001647949219
4600,986.0865,0.00051238947,5.518264e-07,2.5442857e-06,0.00078700803,0.53675044,0.0004100574,0.022017326,7.5993994e-05,69.05001330375671
4700,1005.9068,0.00046532723,5.578593e-07,-2.4757962e-06,0.0007434287,0.5625677,0.00042091368,0.020928204,7.451265e-05,70.38003277778625
4800,1005.9068,0.00038796818,5.516384e-07,-2.1053e-06,0.0006633112,0.5549215,0.00041545156,0.020087557,6.692977e-05,71.78998017311096
4900,1005.9068,0.0003663816,5.7216164e-07,-8.174033e-07,0.00065333484,0.5779535,0.00041357428,0.019537177,6.409766e-05,73.2401294708252
5000,1005.9068,0.0003611039,5.717452e-07,-1.4174271e-06,0.00064724765,0.5742441,0.00041391546,0.019174546,6.136257e-05,74.67998099327087
5100,1005.9068,0.00039441997,5.6786956e-07,-1.2432873e-06,0.00067878864,0.57434934,0.00041388834,0.018973302,6.0433973e-05,76.08999252319336
5200,1005.9068,0.00034487149,5.591428e-07,-5.318077e-07,0.00062556245,0.5646855,0.000414962,0.018786147,5.811387e-05,77.44402885437012
5300,1005.9068,0.0003164985,5.572713e-07,-1.1102185e-06,0.0005956697,0.5638974,0.0004149748,0.018726187,5.6321725e-05,78.86201429367065
5400,1005.9068,0.00034485993,5.6143057e-07,-8.372861e-07,0.00062639604,0.56771845,0.000412799,0.01864321,5.718671e-05,80.28299808502197
5500,1005.9068,0.00036363455,5.5050975e-07,-5.5657296e-07,0.0006399587,0.5569473,0.00041225457,0.018605525,5.6671925e-05,81.67007303237915
5600,1005.9068,0.0003205177,5.556518e-07,-2.6749774e-07,0.00059971714,0.56213284,0.0004116249,0.018525917,5.6113106e-05,83.14002132415771
5700,1005.9068,0.00032887433,5.425982e-07,-1.9529087e-07,0.0006015806,0.54901683,0.00041113206,0.018509401,5.6207187e-05,84.62013244628906
5800,1005.9068,0.00034660794,5.527235e-07,5.123463e-07,0.0006251144,0.5579607,0.00040803765,0.018522061,5.7898058e-05,86.05196332931519
5900,1005.9068,0.00034233625,5.6247586e-07,6.7165673e-09,0.00062524213,0.5691431,0.00040843207,0.018421492,5.4862398e-05,87.39486074447632
6000,1005.9068,0.00032983726,5.4037974e-07,5.0159294e-08,0.00060167327,0.54659,0.00040579712,0.018391334,5.4139127e-05,88.81005620956421
6100,1005.9068,0.00033488905,5.3524394e-07,2.6073359e-08,0.0006041179,0.54148585,0.00040587012,0.018413402,5.0906412e-05,90.32007765769958
6200,1005.9068,0.00033021963,5.1543884e-07,7.055592e-07,0.0005901669,0.5211562,0.0004001487,0.01837488,5.489693e-05,91.91978240013123
6300,1005.9068,0.0003534493,5.2107026e-07,4.0909183e-07,0.0006159324,0.5271743,0.0003995889,0.018332858,5.4118264e-05,93.41012287139893
6400,1005.9068,0.0003227239,5.213658e-07,1.905742e-07,0.00058513717,0.527142,0.00039667077,0.018321535,5.3274438e-05,95.08007788658142
6500,1005.9068,0.0003313754,5.082588e-07,6.2399465e-07,0.00058762985,0.5142546,0.00039479623,0.018293688,5.3865577e-05,96.57008028030396
6600,1005.9068,0.00034711976,5.058943e-07,4.2932155e-07,0.0006019903,0.51168,0.00039079643,0.018337563,5.4330027e-05,98.0002110004425
6700,1005.9068,0.000341975,5.0013375e-07,1.325419e-07,0.00059365155,0.5058779,0.00038995198,0.018277192,5.2340314e-05,99.5400915145874
6800,1005.9068,0.00031924614,5.043911e-07,5.0869005e-07,0.00057344005,0.51057893,0.0003893817,0.018223077,5.2927586e-05,100.92019033432007
6900,1005.9068,0.000318471,4.9442883e-07,-1.262608e-07,0.0005670194,0.4997815,0.00038859955,0.018200548,5.3360418e-05,102.4020767211914
7000,1005.9068,0.00032169712,4.919032e-07,4.5862933e-07,0.0005695601,0.49742034,0.00038249994,0.018222049,5.1726896e-05,103.91578578948975
7100,1005.9068,0.00034585124,4.702608e-07,2.808631e-07,0.00058265135,0.47565112,0.00038127022,0.018162727,5.3083735e-05,105.34434294700623
7200,1005.9068,0.0003142056,4.678985e-07,1.0052848e-06,0.000550542,0.47320643,0.00037933592,0.018110923,5.201735e-05,106.83011651039124
7300,1005.9068,0.00029432238,4.5948357e-07,1.217375e-07,0.00052554294,0.4643522,0.00037886153,0.018077847,5.267115e-05,108.36066150665283
7400,1005.9068,0.00032969372,4.6089374e-07,1.8216141e-06,0.0005633234,0.46709198,0.0003734584,0.018144969,5.261889e-05,109.84054636955261
7500,1005.9068,0.0003111028,4.4792327e-07,3.60562e-07,0.0005367479,0.4529642,0.00037357482,0.018029835,5.210909e-05,111.4049243927002
7600,1005.9068,0.00030432185,4.447983e-07,9.4706627e-07,0.00052898173,0.44996813,0.0003690558,0.01800487,5.1873605e-05,112.99003028869629
7700,1005.9068,0.00030467677,4.52298e-07,4.15565e-08,0.0005322031,0.45716375,0.00037056755,0.017976284,5.054438e-05,114.5771164894104
7800,1005.9068,0.0003104173,4.4156693e-07,6.982089e-07,0.0005332031,0.44669774,0.0003637339,0.017935293,5.29183e-05,116.26876282691956
7900,1005.9068,0.0003156453,4.392034e-07,7.900468e-07,0.0005373342,0.4442218,0.0003648612,0.017908098,5.1408126e-05,117.94313836097717
8000,1005.9068,0.00030186964,4.3288495e-07,7.360603e-07,0.00052032666,0.43795806,0.00036118503,0.017885601,4.997355e-05,119.58312368392944
8100,1005.9068,0.00031279025,4.1976043e-07,5.9664563e-07,0.0005245068,0.42464966,0.00035823628,0.017825434,5.029857e-05,121.13021850585938
8200,1005.9068,0.00031646012,4.0622734e-07,1.1390023e-06,0.0005219126,0.41101474,0.00035513207,0.017775737,5.1198927e-05,122.68015575408936
8300,1005.9068,0.00032879494,4.1699494e-07,1.9408084e-07,0.0005387181,0.4213982,0.0003565775,0.017842641,5.2824817e-05,124.20023846626282
8400,1005.9068,0.00031028816,4.0958832e-07,6.103737e-07,0.00051690236,0.4143084,0.00035071792,0.017729744,4.964504e-05,125.72363209724426
8500,1005.9068,0.00029144803,3.968045e-07,6.6804347e-07,0.00049169024,0.40130574,0.00034902382,0.017708063,4.867032e-05,127.25160264968872
8600,1005.9068,0.00031522627,3.8264696e-07,1.1866473e-06,0.0005088665,0.38704613,0.00034484436,0.01767553,4.9194892e-05,128.77003455162048
8700,1005.9068,0.00032033396,3.8662424e-07,-2.4149892e-07,0.0005145464,0.39030445,0.0003420563,0.017606875,4.9733408e-05,130.2400143146515
8800,1005.9068,0.00031724403,3.802517e-07,4.0463405e-07,0.00050889753,0.38378116,0.00033984025,0.017531732,4.9026683e-05,131.67012858390808
8900,1005.9068,0.00031882804,3.7348568e-07,9.727012e-07,0.00050764665,0.37785414,0.00033678123,0.017489452,4.9952167e-05,133.0900421142578
9000,1005.9068,0.00030829146,3.773321e-07,5.914428e-07,0.0004986634,0.38125363,0.00033394032,0.017473608,4.8236798e-05,134.5300371646881
9100,1005.9068,0.00027915597,3.72386e-07,2.538801e-07,0.00046670268,0.3767762,0.00033250498,0.01743153,4.7835918e-05,135.97018027305603
9200,1005.9068,0.0003296842,3.5057462e-07,8.9361623e-07,0.00050690054,0.3545921,0.0003294301,0.01737189,4.9129536e-05,137.38576674461365
9300,1005.9068,0.00031523866,3.5272905e-07,7.550423e-08,0.00049272046,0.35657012,0.0003259394,0.01733311,4.7614238e-05,138.8104226589203
9400,1005.9068,0.0002856872,3.3762493e-07,8.2004243e-07,0.00045631683,0.34232667,0.00032291713,0.01727743,4.644594e-05,140.26019978523254
9500,1005.9068,0.0003038691,3.3159418e-07,8.3571825e-07,0.00047148124,0.33541417,0.00032056018,0.017242797,4.7427835e-05,141.73009777069092
9600,1005.9068,0.00029324603,3.3111806e-07,-1.5499951e-07,0.000459628,0.33387393,0.0003172343,0.017159482,4.747374e-05,143.16008925437927
9700,1005.9068,0.00028347375,3.2506182e-07,2.1200024e-07,0.0004471767,0.32869476,0.00031633797,0.017156327,4.3935168e-05,144.6820845603943
9800,1005.9068,0.00028229874,3.1807377e-07,7.475315e-07,0.00044302258,0.32176033,0.00031168447,0.017059185,4.7007223e-05,146.22008156776428
9900,1005.9068,0.0002831439,3.2008768e-07,-8.518666e-07,0.0004432812,0.32293627,0.0003132635,0.017050188,4.2853357e-05,147.80012917518616
10000,1005.9068,0.00029752543,3.1153726e-07,-3.9939926e-07,0.00045381475,0.3171834,0.00030907278,0.01695744,4.297988e-05,149.34005689620972
10100,1005.9068,0.00030144292,3.1746617e-07,7.442394e-08,0.00046118803,0.31854227,0.00031213046,0.016888792,4.874605e-05,150.89298605918884
10200,1005.9068,0.0002764645,2.950619e-07,6.405903e-07,0.0004255075,0.29702497,0.0003010517,0.016860565,4.526922e-05,152.42363929748535
10300,1005.9068,0.00028559985,2.9240522e-07,1.0428939e-07,0.00043277035,0.29546747,0.00029854386,0.01677434,4.4138404e-05,153.99013113975525
10400,1005.9068,0.0002737994,2.8884895e-07,1.5619196e-07,0.00041923317,0.290851,0.00029838085,0.016739506,4.6432204e-05,155.62008333206177
10500,1005.9068,0.0002689642,2.7711351e-07,5.1663864e-07,0.00040885602,0.28032896,0.00029041636,0.0166781,4.507511e-05,157.18015217781067
10600,1005.9068,0.00027393707,2.7496392e-07,1.1687357e-06,0.00041339983,0.2780654,0.0002884228,0.016625766,4.384594e-05,158.7502727508545
10700,1005.9068,0.00026900813,2.6866743e-07,7.913725e-07,0.00040492672,0.2717247,0.00028632235,0.016564382,4.4603392e-05,160.3201081752777
10800,1005.9068,0.00029149675,2.662533e-07,5.3716514e-07,0.0004259469,0.26969865,0.00028446387,0.016515715,4.5273144e-05,161.91027450561523
10900,1005.9068,0.00027718453,2.7158708e-07,-1.5951333e-06,0.00041218504,0.27287892,0.00028066148,0.016452493,4.304785e-05,163.3500895500183
11000,1005.9068,0.00029717304,2.6180538e-07,-1.1068613e-06,0.00042774208,0.2650143,0.0002823461,0.016350029,4.1727882e-05,164.79012250900269
11100,1005.9068,0.0002765384,2.5656354e-07,-2.039632e-06,0.0004035383,0.2554936,0.00028671353,0.016309885,4.295965e-05,166.2702353000641
11200,1005.9068,0.00026846974,2.4507744e-07,6.0373736e-07,0.00039233602,0.2475691,0.00027064193,0.016261471,4.238944e-05,167.86009407043457
11300,1005.9068,0.00025502022,2.4208362e-07,2.5310186e-07,0.0003770301,0.24444012,0.00026680765,0.016201235,4.1733416e-05,169.40373611450195
11400,1005.9068,0.00025562043,2.3103591e-07,-1.03576525e-07,0.00037171715,0.23317021,0.00026648972,0.016116653,4.2412903e-05,171.0202820301056
11500,1005.9068,0.00024355238,2.2461131e-07,8.2642394e-08,0.00035660405,0.22710244,0.00026286562,0.0160753,4.0724437e-05,172.65988874435425
11600,1005.9068,0.00024444712,2.2613777e-07,6.0623745e-07,0.0003587901,0.22872353,0.00026015905,0.016019583,4.2214953e-05,174.26199746131897
11700,1005.9068,0.00026504623,2.1685469e-07,3.017481e-07,0.00037441577,0.21919775,0.00025591545,0.01591534,4.1184136e-05,175.80998158454895
11800,1005.9068,0.00026047413,2.2049312e-07,3.0854005e-07,0.00037168042,0.22335237,0.00025593818,0.015832517,4.026501e-05,177.54013752937317
11900,1005.9068,0.00024307241,2.1325084e-07,-1.4387986e-06,0.00034888886,0.21403699,0.00025071893,0.015789226,3.9774317e-05,179.11008429527283
12000,1005.9068,0.00023580951,2.0413815e-07,-3.5778896e-07,0.0003381237,0.20697923,0.00025004576,0.015741458,3.738209e-05,180.6901307106018
12100,1005.9068,0.0002530154,2.0309933e-07,-1.2360861e-06,0.00035392883,0.19973251,0.00026157373,0.015678946,4.462851e-05,182.292133808136
12200,1005.9068,0.00024815655,1.8883578e-07,3.5967201e-07,0.00034349182,0.19245525,0.00024476045,0.015551317,4.0803603e-05,183.85008573532104
12300,1005.9068,0.00025680463,1.9383378e-07,-1.0810203e-06,0.000353213,0.19421916,0.0002420542,0.015481719,3.861245e-05,185.37013912200928
12400,1005.9068,0.00024734708,1.9100523e-07,-1.1302449e-07,0.00034330078,0.19419208,0.00023543496,0.0153981885,3.8854436e-05,186.92007517814636
12500,1005.9068,0.00023980367,1.8510656e-07,-4.4960375e-06,0.00032840762,0.18346106,0.00024077222,0.015315643,4.0985695e-05,188.55020928382874
12600,1005.9068,0.0002134274,1.843285e-07,7.111454e-07,0.00030684719,0.1877293,0.00022892733,0.015275658,3.875394e-05,190.19610691070557
12700,1005.9068,0.00023223164,1.7580741e-07,1.14080756e-07,0.00032076865,0.17776108,0.00022813043,0.015159403,3.819612e-05,191.66005992889404
12800,1005.9068,0.0002258859,1.7280132e-07,4.3210144e-07,0.00031322901,0.17443553,0.00022516944,0.015057481,3.7815083e-05,193.16215252876282
12900,1005.9068,0.00021865305,1.6996479e-07,-3.4321664e-07,0.0003037942,0.17159721,0.0002245904,0.015009335,3.7701382e-05,194.60007309913635
13000,1005.9068,0.000232111,1.6967755e-07,1.9561444e-08,0.00031747046,0.16879566,0.00022102684,0.01491959,3.6518963e-05,196.05028653144836
13100,1005.9068,0.00022860107,1.6324553e-07,-4.5866335e-07,0.0003102473,0.16430977,0.00022075415,0.01482062,3.7151458e-05,197.60214567184448
13200,1005.9068,0.00021590093,1.5281417e-07,-1.0970972e-07,0.00029264964,0.1546195,0.00021924406,0.01474336,3.739446e-05,199.19986152648926
13300,1005.9068,0.00021862134,1.6223225e-07,-6.21996e-06,0.00029399665,0.15895475,0.00022177165,0.0146625005,3.6009067e-05,200.74012088775635
13400,1005.9068,0.00020296888,1.5048553e-07,-4.5739874e-08,0.00027861036,0.1540597,0.00021317812,0.0146022765,3.3409142e-05,202.31028580665588
13500,1005.9068,0.00021443803,1.5305157e-07,-8.0507635e-07,0.00029061077,0.15356201,0.00021549432,0.014462977,3.6531612e-05,203.87015891075134
13600,1005.9068,0.00020022862,1.4498659e-07,-1.256538e-07,0.00027302446,0.1466016,0.00020573907,0.014356373,3.466694e-05,205.66018676757812
13700,1005.9068,0.0002071669,1.4411926e-07,-1.6081339e-07,0.00027949136,0.14568482,0.00020350613,0.014271169,3.4865334e-05,207.21018171310425
13800,1005.9068,0.0001875113,1.3944491e-07,-1.1371758e-07,0.00025753188,0.14073153,0.00020000392,0.014163255,3.453848e-05,208.82012963294983
13900,1005.9068,0.00020257442,1.3761397e-07,-2.7475977e-07,0.00027151307,0.13912323,0.00019867942,0.014077158,3.4315504e-05,210.38017582893372
14000,1005.9068,0.00020890453,1.3394914e-07,2.0563272e-07,0.00027648034,0.13608763,0.00019565517,0.014003519,3.5490164e-05,212.03050827980042
14100,1005.9068,0.00020486783,1.3551104e-07,-9.542739e-07,0.0002720693,0.13641106,0.00019332163,0.013870649,3.3566594e-05,213.61014318466187
14200,1005.9068,0.0001878253,1.2697556e-07,-7.042736e-07,0.0002509838,0.12738335,0.00019579148,0.013717734,3.3095745e-05,215.23030161857605
14300,1005.9068,0.00018375479,1.2854883e-07,-3.8172075e-06,0.00024459165,0.12772062,0.00019854962,0.013617752,3.4190758e-05,216.8398859500885
14400,1005.9068,0.0001799909,1.2531194e-07,-2.5908478e-06,0.00024042612,0.12500323,0.00021974789,0.0134619055,3.771296e-05,218.47170424461365
14500,1005.9068,0.00017918686,1.2848443e-07,-5.038697e-06,0.00023876983,0.12490485,0.00020276729,0.013371117,3.0285384e-05,220.07283449172974
14600,1005.9068,0.00017424578,1.1850852e-07,-2.6317377e-07,0.00023358688,0.120482184,0.00018265695,0.013236629,3.246788e-05,221.70013070106506
14700,1005.9068,0.00016520346,1.1276928e-07,-3.3569908e-08,0.00022188757,0.11385877,0.0001841747,0.013133363,3.309055e-05,223.29423236846924
14800,1005.9068,0.00017152163,1.10962134e-07,-1.0468735e-08,0.00022731995,0.112250715,0.0001790634,0.012994206,3.2849057e-05,224.9351327419281
14900,1005.9068,0.0001600624,1.1076207e-07,-5.0305465e-07,0.0002152675,0.11185203,0.0001786244,0.012855154,3.347172e-05,226.5603289604187
15000,1005.9068,0.00016012811,1.0829224e-07,-4.3077839e-07,0.00021416329,0.10972418,0.0001807138,0.012715712,3.1763444e-05,228.09018230438232
15100,1005.9068,0.00016446339,1.0543254e-07,-1.1459766e-06,0.00021634507,0.106112905,0.00017488986,0.012578314,3.0578427e-05,229.67030501365662
15200,1005.9068,0.00015056317,1.0401926e-07,-7.194998e-07,0.0002021605,0.10440353,0.00017502281,0.012387139,3.0384257e-05,231.23662972450256
15300,1005.9068,0.0001550031,1.0313074e-07,-5.099815e-06,0.00020177325,0.10141796,0.00018336554,0.012316382,3.340745e-05,232.87019896507263
15400,1005.9068,0.00015027644,1.0263237e-07,-3.0665879e-06,0.00019882915,0.10096759,0.00020396608,0.012057962,3.4322384e-05,234.47031712532043
15500,1005.9068,0.00014923267,1.0497149e-07,-3.5274768e-06,0.00019850096,0.102620356,0.00017743174,0.011875651,2.9272396e-05,236.0701835155487
15600,1005.9068,0.00013487224,9.6002545e-08,-1.8457689e-07,0.00018297246,0.097768284,0.000165749,0.011731901,2.9243181e-05,237.69216513633728
15700,1005.9068,0.00013294119,9.453946e-08,1.7165796e-07,0.0001806618,0.0955392,0.0001645465,0.011527843,3.126548e-05,239.29019927978516
15800,1005.9068,0.00011985945,9.133345e-08,-3.0813737e-08,0.0001657651,0.09240399,0.0001624064,0.01129241,2.956764e-05,240.96044325828552
15900,1005.9068,0.00012353409,9.2008165e-08,-2.5783476e-07,0.00016955208,0.092941575,0.00016299979,0.01111855,2.8236806e-05,242.62012600898743
16000,1005.9068,0.000106835214,9.006147e-08,-1.8822402e-07,0.0001519437,0.09079033,0.00016042466,0.010883829,2.8484395e-05,244.30015444755554
16100,1005.9068,0.000114907416,9.0156426e-08,-1.2675703e-06,0.00015898433,0.09042796,0.00016072106,0.0106885675,3.0860112e-05,245.9001452922821
16200,1005.9068,0.000105630446,8.915251e-08,-1.7680345e-06,0.00014870198,0.08810292,0.00016616686,0.010370977,2.9777746e-05,247.52012014389038
16300,1005.9068,0.0001069376,8.479219e-08,-1.5336344e-07,0.00014943077,0.085688554,0.00015696825,0.010130913,2.9173567e-05,249.08314776420593
16400,1005.9068,9.3138515e-05,8.084648e-08,-1.6902052e-07,0.0001336315,0.081503525,0.00015389768,0.009847729,2.8742981e-05,250.7503695487976
16500,1005.9068,9.14136e-05,8.277757e-08,-3.5725571e-07,0.0001326896,0.08358377,0.00015304078,0.00959372,2.9334742e-05,252.4001715183258
16600,1005.9068,8.186323e-05,7.96264e-08,-6.4045466e-08,0.00012184755,0.08050286,0.00015030999,0.00925839,2.7634243e-05,253.9801938533783
16700,1005.9068,7.6691555e-05,7.665551e-08,5.7342696e-08,0.000115303046,0.07750707,0.00014766492,0.009017896,2.7461341e-05,255.56600069999695
16800,1005.9068,7.542089e-05,7.620438e-08,9.005799e-09,0.000113757145,0.07708747,0.00014596577,0.0086606955,2.7632554e-05,257.120197057724
16900,1005.9068,6.934181e-05,7.425279e-08,-1.1348829e-07,0.00010657402,0.075030304,0.00014602396,0.008410593,2.6659998e-05,258.7237365245819
17000,1005.9068,6.632869e-05,6.9581155e-08,1.6470531e-07,0.00010148948,0.07035124,0.00014279949,0.008049377,2.6096483e-05,260.3003623485565
17100,1005.9068,6.661273e-05,6.880893e-08,-8.387078e-08,0.000101136546,0.069615304,0.00014053284,0.0077659828,2.5760426e-05,261.9001386165619
17200,1005.9068,5.377245e-05,6.649285e-08,-1.4193338e-07,8.707333e-05,0.067284584,0.00013903373,0.0074790823,2.487428e-05,263.55020904541016
17300,1005.9068,4.8045164e-05,6.513231e-08,-2.2622574e-07,8.057746e-05,0.06581654,0.00013637327,0.0071835043,2.4391731e-05,265.30215191841125
17400,1005.9068,4.803103e-05,6.0343474e-08,-5.3431005e-08,7.832755e-05,0.060985945,0.00013224974,0.0068652467,2.4980345e-05,266.94520020484924
17500,1005.9068,4.462497e-05,6.047038e-08,6.6772574e-09,7.504543e-05,0.061212204,0.0001295488,0.006621726,2.4193385e-05,268.59023237228394
17600,1005.9068,4.114859e-05,5.6946536e-08,-1.2202514e-06,6.856979e-05,0.056830093,0.00014846206,0.006426338,2.1155756e-05,270.16119599342346
17700,1005.9068,3.727646e-05,5.472469e-08,-1.2323617e-06,6.356806e-05,0.054912947,0.00012851787,0.0061597545,2.2031481e-05,271.80016350746155
17800,1005.9068,3.3914683e-05,5.1017274e-08,-4.2695042e-08,5.95313e-05,0.051591996,0.00012102733,0.0058820583,2.3422263e-05,273.40020060539246
17900,1005.9068,3.0994674e-05,4.863946e-08,-4.4730442e-07,5.501075e-05,0.04911889,0.00011976972,0.005705014,2.2824019e-05,275.02018451690674
18000,1005.9068,2.7437973e-05,4.7227502e-08,-7.586551e-08,5.111534e-05,0.047800746,0.00011712607,0.005475429,2.2552293e-05,276.6402292251587
18100,1005.9068,2.666063e-05,4.649372e-08,-3.9847882e-07,4.9646325e-05,0.04710086,0.000114709255,0.005290314,2.0913762e-05,278.28016328811646
18200,1005.9068,2.42448e-05,4.4434717e-08,-1.0462393e-06,4.5547153e-05,0.044104088,0.00012425141,0.005165287,2.036828e-05,279.79215359687805
18300,1005.9068,2.5192503e-05,4.0408228e-08,-1.9276668e-07,4.532319e-05,0.04058465,0.00011106966,0.0049241013,1.962831e-05,281.260258436203
18400,1005.9068,2.122065e-05,3.8859195e-08,-2.7405386e-07,4.049096e-05,0.03918119,0.00010681885,0.00473417,1.9897076e-05,282.80018949508667
18500,1005.9068,2.1647931e-05,3.663718e-08,-1.438426e-07,3.9930885e-05,0.03715118,0.00010354325,0.0046097673,2.0216485e-05,284.44997787475586
18600,1005.9068,1.8880397e-05,3.5095205e-08,-3.3707786e-07,3.619457e-05,0.035735555,0.00010495617,0.0044802725,2.0616877e-05,286.1459114551544
18700,1005.9068,1.9582818e-05,3.3327336e-08,-2.2686343e-07,3.611805e-05,0.033885453,9.861535e-05,0.0043374617,1.9389125e-05,287.7902281284332
18800,1005.9068,1.922443e-05,3.2537336e-08,-4.554089e-07,3.5133784e-05,0.03267259,0.00010128143,0.004179705,1.7999253e-05,289.4002106189728
18900,1005.9068,1.5028812e-05,3.1521548e-08,-8.5099515e-08,3.0797582e-05,0.03186908,9.2099595e-05,0.0040770457,2.0079366e-05,291.07019543647766
19000,1005.9068,1.5791902e-05,3.0451233e-08,-5.342697e-07,3.057318e-05,0.030609813,9.590737e-05,0.0039652283,1.7051389e-05,292.7602698802948
19100,1005.9068,1.4130971e-05,2.7877533e-08,-2.5083486e-07,2.7901237e-05,0.028239114,9.041732e-05,0.003873574,1.8382405e-05,294.40006709098816
19200,1005.9068,1.5037642e-05,2.7160576e-08,-4.287421e-07,2.8269404e-05,0.027424814,9.362483e-05,0.0037862898,2.0303447e-05,296.06026673316956
19300,1005.9068,1.3350763e-05,2.656199e-08,-7.0496856e-07,2.6005237e-05,0.027085312,8.780409e-05,0.0037491296,1.7782133e-05,297.65033650398254
19400,1005.9068,1.2238751e-05,2.5993556e-08,-6.0482256e-07,2.4707475e-05,0.026263803,8.9143454e-05,0.003620401,1.5771728e-05,299.25428581237793
19500,1005.9068,1.2465667e-05,2.408025e-08,-4.8484395e-07,2.4092067e-05,0.024309577,8.4795196e-05,0.0035297985,1.6728376e-05,300.974228143692
19600,1005.9068,1.2203398e-05,2.3756941e-08,-1.7442476e-07,2.3977607e-05,0.02399738,8.103067e-05,0.0034519534,1.7536477e-05,302.69717931747437
19700,1005.9068,1.11086e-05,2.2688507e-08,-3.504494e-07,2.2169414e-05,0.022966703,8.021151e-05,0.0033984373,1.7264663e-05,304.3900046348572
19800,1005.9068,1.21745925e-05,2.2106844e-08,-6.5498887e-07,2.2638316e-05,0.022280417,8.3333594e-05,0.0034138924,1.8670602e-05,305.88018131256104
19900,1005.9068,1.1802572e-05,2.1244013e-08,-8.164553e-07,2.1670865e-05,0.02159739,8.102875e-05,0.0033404261,1.590855e-05,307.3402590751648
20000,1005.9068,1.1112184e-05,2.0650951e-08,-3.5108422e-07,2.1147567e-05,0.021220684,7.801222e-05,0.0032350202,1.6665643e-05,308.81332898139954
20100,1005.9068,9.348159e-06,2.0379648e-08,-2.983484e-07,1.9299823e-05,0.020611998,7.508523e-05,0.003180396,1.6773069e-05,310.2639183998108
20200,1005.9068,1.0672634e-05,2.0466535e-08,-2.947102e-07,2.0671638e-05,0.020667795,7.499244e-05,0.0031275616,1.6147389e-05,311.72024941444397
20300,1005.9068,9.847072e-06,1.9340076e-08,-2.9980973e-07,1.927442e-05,0.01955989,7.386834e-05,0.0030840426,1.6312006e-05,313.1902267932892
20400,1005.9068,9.966849e-06,1.8637369e-08,-1.825899e-07,1.9157986e-05,0.018873371,7.2643736e-05,0.0030432974,1.6433563e-05,314.64373755455017
20500,1005.9068,8.553496e-06,1.859096e-08,-3.6162925e-07,1.7542254e-05,0.018789865,7.427141e-05,0.0029973027,1.5319438e-05,316.1508047580719
20600,1005.9068,9.141051e-06,1.916888e-08,-1.1911169e-06,1.7590988e-05,0.018640896,0.00010277174,0.0031340162,1.39057e-05,317.630202293396
20700,1005.9068,8.594117e-06,1.828392e-08,-3.250866e-07,1.746499e-05,0.017974721,7.946458e-05,0.0029547974,1.356994e-05,319.08043670654297
20800,1005.9068,8.114487e-06,1.7316266e-08,-2.6357526e-07,1.6560187e-05,0.017496686,7.0351896e-05,0.0029131903,1.5511554e-05,320.5602900981903
20900,1005.9068,8.333874e-06,1.736357e-08,-3.6054257e-07,1.6706397e-05,0.017496401,7.171217e-05,0.0028765465,1.4811963e-05,322.0302405357361
21000,1005.9068,8.435178e-06,1.7405423e-08,-2.316166e-07,1.6957678e-05,0.017654832,6.9470814e-05,0.002850194,1.51536e-05,323.53004145622253
21100,1005.9068,8.147486e-06,1.6210837e-08,-2.4323595e-07,1.6057546e-05,0.01640403,6.915875e-05,0.0028127686,1.530173e-05,325.081755399704
21200,1005.9068,8.022444e-06,1.62334e-08,-1.6728877e-07,1.60198e-05,0.016480295,6.820737e-05,0.002830761,1.6267586e-05,326.560133934021
21300,1005.9068,7.827821e-06,1.6384499e-08,-8.599213e-07,1.52085395e-05,0.016640032,7.474258e-05,0.0028205004,1.46256725e-05,328.0301823616028
21400,1005.9068,7.850751e-06,1.6542126e-08,-6.3970725e-07,1.553096e-05,0.016148422,8.824833e-05,0.002823225,1.2410445e-05,329.4802279472351
21500,1005.9068,7.739763e-06,1.5796402e-08,-4.6777018e-07,1.5216847e-05,0.015841821,6.946217e-05,0.0027239341,1.4519171e-05,330.9742147922516
21600,1005.9068,6.841475e-06,1.5864922e-08,-2.1554625e-07,1.4605244e-05,0.016008865,6.721575e-05,0.0026935234,1.4848755e-05,332.48021364212036
21700,1005.9068,6.6053817e-06,1.5676255e-08,-2.751549e-07,1.4214653e-05,0.015844107,6.7907786e-05,0.0026752325,1.4335557e-05,333.95647144317627
21800,1005.9068,6.7899505e-06,1.5553855e-08,-2.3265552e-07,1.4380159e-05,0.015694764,6.7428846e-05,0.002674618,1.4312862e-05,335.4301953315735
21900,1005.9068,6.739866e-06,1.4988952e-08,-2.0337693e-07,1.4075234e-05,0.015206994,6.6008506e-05,0.0026536593,1.506805e-05,336.9200506210327
22000,1005.9068,7.1644254e-06,1.614444e-08,-8.609704e-07,1.4423356e-05,0.015815416,8.0600556e-05,0.0027355407,1.7590937e-05,338.40023374557495
22100,1005.9068,7.761502e-06,1.4734597e-08,1.5296801e-07,1.5325286e-05,0.014899873,6.334596e-05,0.0026866363,1.6148977e-05,339.86026549339294
22200,1005.9068,5.987332e-06,1.4398687e-08,-1.5889464e-07,1.3070306e-05,0.014741087,6.532401e-05,0.002645182,1.5011922e-05,341.3302493095398
22300,1005.9068,6.803797e-06,1.4696068e-08,-1.826452e-07,1.4012589e-05,0.014846674,6.4377906e-05,0.0025807677,1.486509e-05,342.8302764892578
22400,1005.9068,6.3229327e-06,1.493758e-08,-1.1132851e-07,1.3724511e-05,0.015124759,6.386609e-05,0.0025741996,1.4930431e-05,344.31024718284607
22500,1005.9068,6.52925e-06,1.4339736e-08,-1.2313923e-07,1.361833e-05,0.014470761,6.4010754e-05,0.0025534164,1.4723902e-05,345.76039934158325
22600,1005.9068,6.4605915e-06,1.4640825e-08,-2.4793684e-07,1.35763075e-05,0.01473517,6.92968e-05,0.002590197,1.3933116e-05,347.2532727718353
22700,1005.9068,6.7296796e-06,1.3908835e-08,-2.9869162e-07,1.3426484e-05,0.014296761,6.511424e-05,0.002545585,1.5464986e-05,348.7303047180176
22800,1005.9068,5.817137e-06,1.3502162e-08,-4.627371e-08,1.2561822e-05,0.013866904,6.321739e-05,0.00251938,1.5758582e-05,350.25028109550476
22900,1005.9068,6.3813895e-06,1.4184039e-08,-1.7767255e-07,1.3337627e-05,0.014355405,6.316114e-05,0.0025109153,1.4826608e-05,351.742023229599
23000,1005.9068,5.9693393e-06,1.3893754e-08,-1.1895729e-07,1.2838293e-05,0.014116159,6.290131e-05,0.0025269429,1.5299507e-05,353.2237277030945
23100,1005.9068,6.5993063e-06,1.4211908e-08,-1.7334152e-07,1.3573892e-05,0.014366275,6.413898e-05,0.002493001,1.4133513e-05,354.7002844810486
23200,1005.9068,5.960799e-06,1.4111316e-08,-2.430409e-07,1.2815092e-05,0.014228397,6.57825e-05,0.0025321662,1.40755565e-05,356.17223930358887
23300,1005.9068,6.8271315e-06,1.4053205e-08,-5.584249e-07,1.3336814e-05,0.014437226,6.561652e-05,0.002492758,1.5550148e-05,357.6400649547577
23400,1005.9068,6.2484537e-06,1.3850553e-08,-3.116883e-07,1.2902948e-05,0.013915144,6.848606e-05,0.0024779083,1.7697339e-05,359.13164258003235
23500,1005.9068,6.0901707e-06,1.37590055e-08,-1.2523913e-07,1.288507e-05,0.01389095,6.1923594e-05,0.00245773,1.4878379e-05,360.6802763938904
23600,1005.9068,6.1896835e-06,1.3375406e-08,-8.316339e-08,1.2833726e-05,0.013539589,6.2198465e-05,0.0024673778,1.4421462e-05,362.2002522945404
23700,1005.9068,5.939939e-06,1.3481864e-08,-1.4417915e-07,1.2576509e-05,0.013622536,6.305744e-05,0.0024426314,1.4009572e-05,363.67029547691345
23800,1005.9068,6.5842582e-06,1.3350543e-08,-9.219798e-08,1.3206762e-05,0.013579135,6.306412e-05,0.0024775031,1.4183658e-05,365.1587965488434
23900,1005.9068,6.4119345e-06,1.3442572e-08,-3.4487095e-07,1.2828052e-05,0.013668066,6.263911e-05,0.0024560445,1.5147303e-05,366.6628415584564
24000,1005.9068,6.3185203e-06,1.3600033e-08,-4.9919237e-07,1.26595105e-05,0.014146359,8.3020066e-05,0.0026084876,1.853918e-05,368.15778398513794
24100,1005.9068,6.4931783e-06,1.3378049e-08,-3.364133e-07,1.28853e-05,0.013353164,6.132734e-05,0.0024192045,1.5797938e-05,369.63028216362
24200,1005.9068,5.9189692e-06,1.3351431e-08,-4.300152e-08,1.2591116e-05,0.013511518,6.0005255e-05,0.0024183812,1.5175133e-05,371.105131149292
24300,1005.9068,5.5851397e-06,1.3014451e-08,-5.3825875e-08,1.2076976e-05,0.013164678,6.0886647e-05,0.0024171174,1.4453408e-05,372.5900626182556
24400,1005.9068,5.790772e-06,1.3359127e-08,-3.2845605e-08,1.2476945e-05,0.013520118,6.0191458e-05,0.0024155555,1.4824732e-05,374.0503354072571
24500,1005.9068,5.8404103e-06,1.2891261e-08,-7.4162934e-08,1.2249951e-05,0.013041489,6.168118e-05,0.0023951596,1.4282106e-05,375.5402944087982
24600,1005.9068,6.331349e-06,1.4159292e-08,-6.8773954e-07,1.2765075e-05,0.013441879,8.3133935e-05,0.002453205,1.2099041e-05,377.02024698257446
24700,1005.9068,6.898071e-06,1.2705654e-08,-6.1817525e-07,1.2670248e-05,0.012983986,6.163572e-05,0.0026382077,1.4027737e-05,378.54007744789124
24800,1005.9068,5.4231673e-06,1.2865135e-08,-1.3113706e-07,1.1762593e-05,0.0131253125,6.350985e-05,0.0024031748,1.3356689e-05,380.0233495235443
24900,1005.9068,5.722798e-06,1.2778663e-08,-2.7664608e-08,1.2122206e-05,0.0129023725,5.954928e-05,0.0023914792,1.4564943e-05,381.53027272224426
25000,1005.9068,5.8553983e-06,1.3106221e-08,-4.314379e-08,1.2404073e-05,0.01326697,6.129645e-05,0.0023732174,1.3844557e-05,383.01032853126526
25100,1005.9068,5.5570845e-06,1.2831994e-08,-6.076929e-08,1.195021e-05,0.012969648,5.9430822e-05,0.0023722504,1.4490947e-05,384.5613303184509
25200,1005.9068,5.096625e-06,1.2632331e-08,-5.6737985e-08,1.139336e-05,0.012797207,5.991061e-05,0.0023680874,1.4537008e-05,386.0703454017639
25300,1005.9068,5.7454436e-06,1.2843615e-08,-8.071752e-08,1.2124466e-05,0.013000049,6.1756604e-05,0.002366478,1.3665702e-05,387.55029797554016
25400,1005.9068,5.775021e-06,1.2723596e-08,-5.7661856e-07,1.1597778e-05,0.013039669,7.848895e-05,0.002542757,1.2804871e-05,389.04028153419495
25500,1005.9068,5.864075e-06,1.2960355e-08,1.04134315e-07,1.2486664e-05,0.013130915,6.109192e-05,0.0024313238,1.2981136e-05,390.5202760696411
25600,1005.9068,5.5416454e-06,1.2383726e-08,-2.9052677e-08,1.1741029e-05,0.01269644,5.8683072e-05,0.0023608503,1.43949965e-05,392.0002553462982
25700,1005.9068,5.651841e-06,1.2378206e-08,-1.5791127e-08,1.1861711e-05,0.01252524,5.9239777e-05,0.002341512,1.3989137e-05,393.46001267433167
25800,1005.9068,5.3098006e-06,1.1849758e-08,-7.0016654e-08,1.119966e-05,0.0119666075,5.933053e-05,0.0023402427,1.4548666e-05,394.9603352546692
25900,1005.9068,5.720803e-06,1.2327655e-08,-9.264036e-08,1.1828399e-05,0.012486141,6.0657632e-05,0.0023394448,1.359494e-05,396.43540954589844
26000,1005.9068,5.4353077e-06,1.2421716e-08,-3.6326622e-07,1.1319586e-05,0.012568778,7.464515e-05,0.0024953529,1.2250703e-05,398.0603504180908
26100,1005.9068,6.647491e-06,1.1589893e-08,-1.7156687e-08,1.245951e-05,0.01186741,5.8942118e-05,0.0023988625,1.3708575e-05,399.59046840667725
26200,1005.9068,5.0305225e-06,1.2236321e-08,-2.7286001e-08,1.11575355e-05,0.012564894,5.7774854e-05,0.0023674667,1.4282282e-05,401.2802746295929
26300,1005.9068,5.6564836e-06,1.2204107e-08,-2.6000958e-08,1.17685795e-05,0.012349088,5.7306264e-05,0.002329159,1.4682159e-05,403.00026965141296
26400,1005.9068,5.692949e-06,1.1973768e-08,-2.2926033e-08,1.169227e-05,0.012083868,5.919698e-05,0.0023225113,1.3664041e-05,404.6542932987213
26500,1005.9068,4.7271133e-06,1.21993375e-08,-2.822029e-08,1.0834591e-05,0.012344231,5.8155027e-05,0.0023142393,1.3765222e-05,406.27028155326843
26600,1005.9068,5.6682898e-06,1.21324994e-08,-6.8260725e-08,1.1702111e-05,0.012215767,5.7580164e-05,0.0023286087,1.5510808e-05,407.85031032562256
26700,1005.9068,5.991395e-06,1.2155245e-08,-7.846792e-07,1.1320237e-05,0.012316717,6.7762136e-05,0.0023215767,1.3082662e-05,409.4477698802948
26800,1005.9068,5.589514e-06,1.2035564e-08,-4.849644e-07,1.1157877e-05,0.011921484,9.0543e-05,0.002464043,1.0568438e-05,411.05031085014343
26900,1005.9068,5.1433053e-06,1.1956373e-08,-2.5913607e-07,1.0897667e-05,0.0119702155,6.0576785e-05,0.0023060646,1.3151498e-05,412.6059613227844
27000,1005.9068,4.9612113e-06,1.1823355e-08,-1.1192031e-08,1.0896616e-05,0.011954819,5.6410456e-05,0.0023059582,1.4341737e-05,414.19228196144104
27100,1005.9068,5.5030373e-06,1.15542615e-08,-8.820678e-09,1.1305472e-05,0.011690731,5.664468e-05,0.0022901096,1.42728995e-05,415.89028429985046
27200,1005.9068,5.2199607e-06,1.1480187e-08,-1.2084979e-08,1.0981875e-05,0.011622066,5.619228e-05,0.002295251,1.4490859e-05,417.5302803516388
27300,1005.9068,4.976188e-06,1.0968193e-08,-9.792672e-09,1.0482885e-05,0.011096302,5.778914e-05,0.002286648,1.3355372e-05,419.19430232048035
27400,1005.9068,5.566048e-06,1.1803101e-08,2.4598648e-09,1.1504917e-05,0.011933966,5.615701e-05,0.0022918517,1.4148165e-05,420.78131008148193
27500,1005.9068,4.9611717e-06,1.1465581e-08,-7.8888975e-09,1.0719936e-05,0.011601502,5.7277477e-05,0.0022781556,1.3580397e-05,422.35119819641113
27600,1005.9068,5.3997555e-06,1.24813235e-08,-2.7679476e-07,1.1400485e-05,0.012014711,6.783641e-05,0.0023466859,1.2428058e-05,423.93031787872314
27700,1005.9068,7.1128898e-06,1.3050499e-08,-4.3001733e-06,9.376509e-06,0.013584546,8.0077065e-05,0.0024248378,1.6551174e-05,425.58028507232666
27800,1005.9068,4.8816205e-06,1.1768454e-08,-4.256453e-07,1.0374959e-05,0.012020813,6.284736e-05,0.002271302,1.2914604e-05,427.1833128929138
27900,1005.9068,5.0721655e-06,1.1402133e-08,-1.1127416e-07,1.0695633e-05,0.011455553,5.8994065e-05,0.002268491,1.2625439e-05,428.7831528186798
28000,1005.9068,5.1179054e-06,1.1324117e-08,-6.2768346e-09,1.0807132e-05,0.01144567,5.570395e-05,0.0022619378,1.38806945e-05,430.4102725982666
28100,1005.9068,4.973553e-06,1.1355491e-08,-6.8531745e-09,1.0677983e-05,0.011487954,5.5922636e-05,0.0022603606,1.3865464e-05,431.8516049385071
28200,1005.9068,5.428261e-06,1.1058825e-08,-6.5449335e-09,1.0983789e-05,0.011183077,5.530939e-05,0.0022590437,1.3965622e-05,433.42049837112427
28300,1005.9068,5.1499596e-06,1.0984572e-08,-2.6313328e-08,1.0648374e-05,0.0111093335,5.6133962e-05,0.002250461,1.3548009e-05,435.03831720352173
28400,1005.9068,5.2624528e-06,1.1097413e-08,-1.6103833e-08,1.0827831e-05,0.0112230675,5.7089623e-05,0.002262553,1.3163111e-05,436.59033584594727
28500,1005.9068,5.0832427e-06,1.0788058e-08,-1.2213826e-07,1.0386995e-05,0.010983201,5.576047e-05,0.0022477203,1.4559215e-05,438.1903929710388
28600,1005.9068,4.957865e-06,1.0894369e-08,-1.045558e-06,9.391667e-06,0.01124353,9.56916e-05,0.002595544,1.8883946e-05,439.8002905845642
28700,1005.9068,5.4042844e-06,1.17088e-08,-1.1439552e-06,1.014931e-05,0.011101133,6.0531525e-05,0.0022373272,1.6539763e-05,441.3403317928314
28800,1005.9068,4.6310333e-06,1.0859124e-08,-4.172169e-09,1.00884945e-05,0.010982284,5.474868e-05,0.0022434609,1.3930517e-05,442.8733243942261
28900,1005.9068,4.6617115e-06,1.0866497e-08,-3.8191097e-08,1.0088862e-05,0.010980793,5.472801e-05,0.0022343022,1.3770697e-05,444.4303243160248
29000,1005.9068,4.838704e-06,1.04938085e-08,-3.2467053e-08,1.00841335e-05,0.01062508,5.453733e-05,0.0022430918,1.4146032e-05,445.89880204200745
29100,1005.9068,4.575329e-06,1.0582125e-08,1.522127e-08,9.9128665e-06,0.010694745,5.48077e-05,0.002228894,1.35023565e-05,447.3318033218384
29200,1005.9068,5.0829885e-06,1.0573203e-08,-1.99979e-07,1.0200838e-05,0.010519868,6.620934e-05,0.0022208483,1.2420772e-05,448.88052916526794
29300,1005.9068,5.068526e-06,1.0735526e-08,-1.5905666e-08,1.045209e-05,0.0108958455,5.4335567e-05,0.0022359733,1.3456246e-05,450.44027757644653
29400,1005.9068,5.0829535e-06,1.0639718e-08,-3.6576375e-07,1.0068472e-05,0.010447636,6.424134e-05,0.0022673295,1.6275388e-05,452.061327457428
29500,1005.9068,5.678797e-06,1.0529233e-08,-5.8100294e-08,1.091641e-05,0.010832228,5.5557543e-05,0.0023061475,1.3769865e-05,453.68034625053406
29600,1005.9068,5.2876508e-06,1.0250541e-08,-5.034326e-09,1.0438161e-05,0.010515423,5.511538e-05,0.0022081335,1.2838977e-05,455.33028769493103
29700,1005.9068,4.811241e-06,1.0148061e-08,-1.7565315e-09,9.913487e-06,0.010267602,5.4077587e-05,0.0022090091,1.3437615e-05,456.8713357448578
29800,1005.9068,4.493146e-06,1.0279558e-08,-6.251572e-09,9.657033e-06,0.010398733,5.3077063e-05,0.0022066117,1.3832463e-05,458.4503016471863
29900,1005.9068,4.524989e-06,1.029673e-08,-1.3429464e-08,9.690335e-06,0.01040635,5.395745e-05,0.0022164977,1.3676894e-05,460.0623309612274
30000,1005.9068,5.2390337e-06,1.0274646e-08,-4.005324e-08,1.0366648e-05,0.010280312,5.346662e-05,0.0022402036,1.38535715e-05,461.63033533096313
30100,1005.9068,5.351461e-06,1.108063e-08,-9.063176e-07,1.0018184e-05,0.011126581,6.793951e-05,0.00220713,1.21617895e-05,463.27029490470886
30200,1005.9068,5.2558735e-06,1.1221431e-08,1.0475944e-06,1.1947324e-05,0.011277601,0.00010999311,0.0025386084,9.677338e-06,464.9238257408142
30300,1005.9068,4.7773246e-06,1.0102978e-08,-5.255136e-08,9.806101e-06,0.01021745,5.586368e-05,0.0021874006,1.27925905e-05,466.4857885837555
30400,1005.9068,4.7675567e-06,1.0063931e-08,-4.686015e-08,9.782385e-06,0.01017462,5.3072396e-05,0.0021883654,1.34504035e-05,468.090313911438
30500,1005.9068,4.6848427e-06,1.0272283e-08,-5.604369e-11,9.851266e-06,0.010385689,5.241627e-05,0.002184001,1.376589e-05,469.60037088394165
30600,1005.9068,4.39464e-06,1.0151971e-08,-4.0583797e-10,9.500203e-06,0.010274325,5.4664026e-05,0.0021927953,1.2868541e-05,471.22031331062317
30700,1005.9068,4.5228985e-06,9.9106146e-09,-1.4336931e-08,9.493138e-06,0.009999302,5.2357253e-05,0.0021760892,1.37283105e-05,472.80056166648865
30800,1005.9068,4.828449e-06,1.0047764e-08,1.3875245e-09,9.883393e-06,0.010177843,5.343889e-05,0.0021765488,1.2922998e-05,474.3703124523163
30900,1005.9068,4.67249e-06,1.0028449e-08,-1.3669356e-09,9.714966e-06,0.010148061,5.2898788e-05,0.002171442,1.3078203e-05,475.9601731300354
31000,1005.9068,4.446257e-06,9.33144e-09,4.0478256e-09,9.143584e-06,0.009443771,5.2126074e-05,0.002178939,1.3445618e-05,477.5603518486023
31100,1005.9068,4.4239655e-06,9.958207e-09,-6.207554e-08,9.370404e-06,0.010058482,5.1821025e-05,0.0021640311,1.3746244e-05,479.170289516449
31200,1005.9068,4.6457044e-06,1.1044274e-08,-4.560297e-07,9.74443e-06,0.010319886,6.0846716e-05,0.0022080021,1.4831689e-05,480.75034284591675
31300,1005.9068,6.867832e-06,1.0114178e-08,-2.1867481e-06,9.768044e-06,0.011147845,6.7355235e-05,0.002380549,1.2613013e-05,482.2703433036804
31400,1005.9068,4.391663e-06,1.0173284e-08,-5.953203e-07,8.913031e-06,0.010393796,5.414296e-05,0.0021602034,1.4597982e-05,483.79038524627686
31500,1005.9068,4.39139e-06,9.63659e-09,-6.027351e-08,9.177873e-06,0.009720953,5.1225612e-05,0.0021552676,1.3765702e-05,485.23035311698914
31600,1005.9068,4.4425105e-06,9.36553e-09,1.6451657e-10,9.1531e-06,0.009482083,5.1983818e-05,0.0021464624,1.31073275e-05,486.76044511795044
31700,1005.9068,4.714212e-06,9.771909e-09,4.448711e-11,9.629071e-06,0.009881467,5.2158386e-05,0.0021444953,1.28255915e-05,488.2704963684082
31800,1005.9068,4.574355e-06,9.710555e-09,-1.1918311e-08,9.446393e-06,0.009816745,5.3031523e-05,0.0021551675,1.26444975e-05,489.7203371524811
31900,1005.9068,4.3153573e-06,9.5618855e-09,-2.7048566e-09,9.121835e-06,0.009666729,5.225917e-05,0.0021368156,1.288116e-05,491.1704795360565
32000,1005.9068,4.50153e-06,9.669861e-09,-6.050164e-09,9.35897e-06,0.009768336,5.124025e-05,0.0021389453,1.3281894e-05,492.62036061286926
32100,1005.9068,4.587322e-06,9.713943e-09,-1.1944284e-07,9.35354e-06,0.009898878,5.6655215e-05,0.002132705,1.2069638e-05,494.1503732204437
32200,1005.9068,4.6886025e-06,1.0597693e-08,-1.6245907e-06,8.394158e-06,0.009489853,0.0001112404,0.0025517487,1.0032645e-05,495.78047728538513
32300,1005.9068,4.7031076e-06,1.0793745e-08,-1.4546389e-06,8.67722e-06,0.010070267,7.115523e-05,0.0021351187,1.0322294e-05,497.3803765773773
32400,1005.9068,4.5773177e-06,9.249987e-09,2.2300599e-08,9.251931e-06,0.009342516,5.1238483e-05,0.0021297901,1.2839798e-05,498.9605498313904
32500,1005.9068,4.5679235e-06,9.4539585e-09,-3.1688707e-08,9.291136e-06,0.009547703,5.276367e-05,0.0021248015,1.2327312e-05,500.5473611354828
32600,1005.9068,4.1882986e-06,9.299153e-09,-1.294914e-09,8.8640445e-06,0.00940576,5.1572475e-05,0.0021260725,1.2736933e-05,502.13037943840027
32700,1005.9068,4.7376548e-06,8.88919e-09,4.157026e-09,9.212659e-06,0.008994233,5.0993705e-05,0.0021169013,1.2796025e-05,503.78035044670105
32800,1005.9068,4.5347324e-06,9.314387e-09,-4.5132744e-08,9.174302e-06,0.009359855,5.0655828e-05,0.0021619303,1.4154772e-05,505.4143922328949
32900,1005.9068,4.399511e-06,8.992825e-09,-1.1975771e-07,8.8027255e-06,0.009202622,5.366221e-05,0.0021289773,1.2237187e-05,507.09036135673523
33000,1005.9068,4.7245794e-06,9.535607e-09,-6.73138e-07,8.847408e-06,0.009330138,0.00010043937,0.0024378656,1.0215559e-05,508.71485328674316
33100,1005.9068,4.956e-06,9.682997e-09,-6.8638184e-07,9.139714e-06,0.009379984,6.4014006e-05,0.0021022952,1.0904429e-05,510.1815505027771
33200,1005.9068,4.1568182e-06,8.7543315e-09,1.36272105e-08,8.573466e-06,0.008849795,5.289658e-05,0.0021279424,1.20310215e-05,511.6105718612671
33300,1005.9068,4.2609618e-06,8.791043e-09,-9.431686e-09,8.673015e-06,0.008905531,5.051631e-05,0.0021109306,1.2676307e-05,513.0703527927399
33400,1005.9068,4.546013e-06,9.082416e-09,-3.153523e-08,9.082509e-06,0.009161731,5.6192574e-05,0.0021000765,1.1466483e-05,514.6538774967194
33500,1005.9068,4.28138e-06,8.987268e-09,2.7275142e-08,8.8288325e-06,0.009126567,4.963898e-05,0.002102762,1.2671835e-05,516.2104270458221
33600,1005.9068,4.3709438e-06,8.880517e-09,-6.3458447e-07,8.2028455e-06,0.008554249,6.980307e-05,0.002270112,1.623552e-05,517.8503496646881
33700,1005.9068,4.7634453e-06,9.303696e-09,7.941848e-08,9.522189e-06,0.008757162,5.1110866e-05,0.0021306872,1.4948628e-05,519.4003612995148
33800,1005.9068,4.329913e-06,8.686905e-09,-8.0421486e-08,8.618599e-06,0.008906434,5.0001385e-05,0.0021196047,1.3559579e-05,521.0403652191162
33900,1005.9068,4.418361e-06,8.683127e-09,9.4841734e-09,8.795054e-06,0.008804682,4.8955128e-05,0.0020889516,1.3199006e-05,522.640371799469
34000,1005.9068,4.4779017e-06,8.504465e-09,-8.034188e-08,8.67491e-06,0.008514966,5.5260112e-05,0.0020783197,1.1578005e-05,524.2203557491302
34100,1005.9068,4.693631e-06,8.746909e-09,-4.2280888e-08,9.050638e-06,0.008932638,4.840657e-05,0.0020731983,1.3556348e-05,525.7743966579437
34200,1005.9068,4.5176607e-06,9.249658e-09,-1.0408052e-06,8.129002e-06,0.00857381,8.256627e-05,0.0023391258,1.7902013e-05,527.4113311767578
34300,1005.9068,4.2984766e-06,1.0106667e-08,-8.637749e-07,8.5178835e-06,0.009348993,5.5674875e-05,0.0020795658,1.548768e-05,528.9505605697632
34400,1005.9068,3.9030674e-06,8.7097884e-09,-7.667406e-08,8.207011e-06,0.008801782,4.97029e-05,0.002078901,1.4413884e-05,530.5303418636322
34500,1005.9068,4.0019117e-06,8.451972e-09,-3.2564316e-08,8.220295e-06,0.008516207,4.798751e-05,0.0020647629,1.3567085e-05,532.1503477096558
34600,1005.9068,4.2436745e-06,8.540197e-09,6.6805356e-10,8.539664e-06,0.008638716,4.9047885e-05,0.0020647955,1.2458761e-05,533.6204552650452
34700,1005.9068,4.2888933e-06,8.630381e-09,6.3908594e-09,8.635963e-06,0.0087330565,4.8262e-05,0.002060048,1.3007891e-05,535.050368309021
34800,1005.9068,4.1533012e-06,8.5709555e-09,-1.1567021e-07,8.348423e-06,0.008461856,5.7155426e-05,0.0020606066,1.1615099e-05,536.5624120235443
34900,1005.9068,4.813245e-06,8.712343e-09,-4.4239383e-07,8.752753e-06,0.009402783,5.1728613e-05,0.0020754365,1.39184785e-05,538.0903403759003
35000,1005.9068,4.1144767e-06,8.574853e-09,-7.058074e-08,8.356647e-06,0.009159269,4.9924936e-05,0.0020681222,1.5121632e-05,539.6255688667297
35100,1005.9068,4.254738e-06,8.637353e-09,2.3594259e-08,8.622518e-06,0.008699612,5.09335e-05,0.0020768396,1.1753469e-05,541.1603381633759
35200,1005.9068,4.2872157e-06,8.549426e-09,-3.7707654e-08,8.54947e-06,0.008615316,5.336693e-05,0.0020450295,1.1448449e-05,542.78236079216
35300,1005.9068,4.3931695e-06,8.000072e-09,1.7781459e-09,8.41861e-06,0.008095853,4.8683258e-05,0.0020482354,1.2356617e-05,544.4433507919312
35400,1005.9068,4.280717e-06,8.383041e-09,4.225103e-09,8.501221e-06,0.008478059,4.8086007e-05,0.002043272,1.2593694e-05,546.0103878974915
35500,1005.9068,4.0640543e-06,8.237381e-09,6.747139e-09,8.21382e-06,0.008331443,4.777629e-05,0.0020376795,1.2721246e-05,547.665417432785
35600,1005.9068,3.88968e-06,8.105789e-09,-6.003876e-08,7.906476e-06,0.008024436,4.8740316e-05,0.002040975,1.3994254e-05,549.3023788928986
35700,1005.9068,4.243429e-06,8.251925e-09,-4.2472415e-08,8.3512905e-06,0.008342188,4.956065e-05,0.0020337051,1.2074398e-05,550.8905162811279
35800,1005.9068,4.1687144e-06,8.551338e-09,-3.1512155e-08,8.438126e-06,0.008653842,4.975006e-05,0.002032422,1.2030061e-05,552.5304481983185
35900,1005.9068,4.148243e-06,8.099128e-09,-1.2600286e-08,8.2091265e-06,0.008194479,4.8718794e-05,0.0020318509,1.2202019e-05,554.1004014015198
36000,1005.9068,3.791796e-06,8.059784e-09,-1.3738374e-08,7.8317535e-06,0.008148956,4.845156e-05,0.0020318006,1.238041e-05,555.7304592132568
36100,1005.9068,4.1434496e-06,8.218008e-09,-2.9101404e-09,8.273815e-06,0.008315493,4.883182e-05,0.002033329,1.2268965e-05,557.3303875923157
36200,1005.9068,4.1220496e-06,7.913743e-09,3.7488154e-10,8.102668e-06,0.008006333,4.812665e-05,0.0020327426,1.2249293e-05,558.920393705368
36300,1005.9068,4.421141e-06,8.464885e-09,8.64881e-09,8.687232e-06,0.008565374,4.7990194e-05,0.0020326325,1.2392065e-05,560.5203728675842
36400,1005.9068,4.004665e-06,8.129198e-09,4.5271396e-09,8.097799e-06,0.008225643,4.7747933e-05,0.0020320192,1.246636e-05,562.1263966560364
36500,1005.9068,4.2705497e-06,8.228927e-09,1.200566e-09,8.410517e-06,0.008327566,4.839621e-05,0.002031633,1.2300315e-05,563.7204828262329
36600,1005.9068,4.2292218e-06,8.06049e-09,4.6863495e-09,8.287959e-06,0.008155245,4.7812875e-05,0.002032289,1.23358805e-05,565.4403994083405
36700,1005.9068,3.782606e-06,8.254418e-09,4.5766133e-09,7.93877e-06,0.008351829,4.7548314e-05,0.0020321133,1.252597e-05,567.0503797531128
36800,1005.9068,4.156841e-06,7.803123e-09,4.5512625e-09,8.085999e-06,0.007896188,4.754052e-05,0.0020320318,1.256505e-05,568.6903660297394
36900,1005.9068,3.6968268e-06,8.093924e-09,4.325842e-09,7.77202e-06,0.008185887,4.778261e-05,0.0020350139,1.2420751e-05,570.3006041049957
37000,1005.9068,3.879907e-06,8.388384e-09,8.32156e-09,8.107195e-06,0.008486786,4.7699967e-05,0.002032428,1.2500049e-05,571.8624064922333
37100,1005.9068,4.4390736e-06,8.284575e-09,7.976906e-09,8.613805e-06,0.008382797,4.7662423e-05,0.002032611,1.2523718e-05,573.4925038814545
37200,1005.9068,4.203698e-06,8.281083e-09,6.839766e-10,8.369381e-06,0.008380924,4.810504e-05,0.0020327661,1.2358586e-05,575.0534336566925
37300,1005.9068,4.107302e-06,8.222479e-09,6.7876775e-09,8.2496135e-06,0.008319032,4.7722657e-05,0.0020318443,1.2466377e-05,576.640510559082
37400,1005.9068,3.7349128e-06,8.343668e-09,6.231837e-09,7.9376205e-06,0.0084421635,4.7799378e-05,0.0020319219,1.2530905e-05,578.2504322528839
37500,1005.9068,4.0161603e-06,8.1535685e-09,4.234714e-09,8.12126e-06,0.008250221,4.7937112e-05,0.0020326076,1.2527305e-05,579.8229358196259
37600,1005.9068,3.7873533e-06,8.17799e-09,4.4412505e-09,7.904942e-06,0.008274396,4.784223e-05,0.0020326925,1.24359285e-05,581.3804287910461
37700,1005.9068,4.18206e-06,8.023774e-09,2.2384101e-09,8.219882e-06,0.008119747,4.7878286e-05,0.0020321808,1.2404438e-05,583.0228145122528
37800,1005.9068,4.0718974e-06,8.012876e-09,6.9545822e-09,8.108955e-06,0.008104974,4.784496e-05,0.002033359,1.24015005e-05,584.6330754756927
37900,1005.9068,4.190303e-06,8.106255e-09,6.1025753e-09,8.273475e-06,0.008202854,4.7508143e-05,0.0020323244,1.2569781e-05,586.2202904224396
38000,1005.9068,4.205672e-06,8.120078e-09,4.5788116e-09,8.2942715e-06,0.008218116,4.721798e-05,0.0020332506,1.2685629e-05,587.7414629459381
38100,1005.9068,3.8429343e-06,8.194623e-09,5.347437e-09,7.969795e-06,0.008290901,4.755557e-05,0.0020311882,1.2578481e-05,589.3364214897156
38200,1005.9068,4.189775e-06,8.085505e-09,4.8625806e-09,8.26127e-06,0.008181698,4.779014e-05,0.0020336777,1.2484457e-05,590.9325037002563
38300,1005.9068,3.9502697e-06,8.331606e-09,7.477806e-09,8.148158e-06,0.008430743,4.7659374e-05,0.0020312832,1.2539623e-05,592.5804126262665
38400,1005.9068,4.0995023e-06,8.22499e-09,2.0836493e-09,8.238372e-06,0.008322307,4.757608e-05,0.0020309135,1.2547918e-05,594.2602052688599
38500,1005.9068,4.0390705e-06,7.829267e-09,6.3396755e-09,7.983166e-06,0.007922705,4.7530055e-05,0.002032117,1.257108e-05,595.810448884964
38600,1005.9068,4.165814e-06,8.231785e-09,5.9549694e-09,8.311973e-06,0.008333694,4.7782298e-05,0.0020308269,1.2527813e-05,597.4505631923676
38700,1005.9068,4.1542453e-06,8.011689e-09,5.3486e-09,8.1891e-06,0.008107781,4.779992e-05,0.0020303067,1.2452963e-05,599.0904169082642
38800,1005.9068,3.896938e-06,8.370017e-09,6.940474e-09,8.113607e-06,0.008469607,4.833656e-05,0.0020355098,1.2364067e-05,600.6904208660126
38900,1005.9068,3.797824e-06,8.185798e-09,3.2262941e-09,7.918125e-06,0.008281841,4.79209e-05,0.0020320136,1.24703465e-05,602.2304785251617
39000,1005.9068,4.513477e-06,8.195114e-09,2.425318e-09,8.637662e-06,0.008292662,4.7783113e-05,0.0020325037,1.2504878e-05,603.7506287097931
39100,1005.9068,4.173956e-06,8.053646e-09,6.984284e-09,8.231549e-06,0.008148495,4.747254e-05,0.0020301044,1.2611816e-05,605.3839633464813
39200,1005.9068,3.9256033e-06,7.891795e-09,8.373148e-09,7.9031815e-06,0.007984975,4.75061e-05,0.0020298683,1.2530076e-05,607.0204260349274
39300,1005.9068,4.1618264e-06,8.214374e-09,5.717296e-09,8.298991e-06,0.008311784,4.7991303e-05,0.002029402,1.2389327e-05,608.6307871341705
39400,1005.9068,4.134509e-06,8.152376e-09,1.7848009e-09,8.236559e-06,0.008246705,4.731573e-05,0.0020303328,1.2632896e-05,610.1624777317047
39500,1005.9068,3.819433e-06,8.13163e-09,5.017693e-09,7.914281e-06,0.0082271015,4.748542e-05,0.002032127,1.2585138e-05,611.631147146225
39600,1005.9068,4.1537414e-06,7.918304e-09,6.30722e-09,8.142587e-06,0.008012197,4.7341797e-05,0.0020300404,1.2543484e-05,613.0624408721924
39700,1005.9068,4.280805e-06,8.233321e-09,3.7042565e-09,8.425486e-06,0.008334705,4.7372083e-05,0.0020299915,1.2500146e-05,614.5103538036346
39800,1005.9068,4.3589525e-06,8.057148e-09,4.260155e-09,8.415583e-06,0.00815293,4.7643527e-05,0.0020306737,1.2463986e-05,615.9504663944244
39900,1005.9068,4.2020406e-06,7.983195e-09,4.205259e-09,8.221421e-06,0.008077818,4.786398e-05,0.0020313761,1.2325083e-05,617.4004259109497
40000,1005.9068,4.0414734e-06,8.18613e-09,7.82096e-09,8.166537e-06,0.008282564,4.745443e-05,0.0020313198,1.2511264e-05,618.8406312465668
40100,1005.9068,4.1590747e-06,8.1531075e-09,4.1631063e-09,8.263871e-06,0.008247403,4.831334e-05,0.002029047,1.2303371e-05,620.2925055027008
40200,1005.9068,4.0016935e-06,8.218451e-09,6.7726065e-09,8.141964e-06,0.008317344,4.724152e-05,0.0020291118,1.2558175e-05,621.8505651950836
40300,1005.9068,4.12073e-06,8.1994616e-09,1.1449816e-09,8.245822e-06,0.00829363,4.755592e-05,0.0020308057,1.2474557e-05,623.4705634117126
40400,1005.9068,3.9423744e-06,7.942433e-09,4.952636e-09,7.942001e-06,0.008034654,4.7735015e-05,0.0020290173,1.2420811e-05,625.1719546318054
40500,1005.9068,4.1034205e-06,8.002384e-09,4.3217367e-09,8.132569e-06,0.008095959,4.7556547e-05,0.002029313,1.2443329e-05,626.7704446315765
40600,1005.9068,4.224409e-06,7.850404e-09,5.7733187e-09,8.17857e-06,0.007944049,4.7204812e-05,0.0020283759,1.2591392e-05,628.3804557323456
40700,1005.9068,4.4165745e-06,8.116183e-09,5.111823e-09,8.503748e-06,0.0082135815,4.7473026e-05,0.0020295018,1.2516991e-05,629.9906384944916
40800,1005.9068,4.0918385e-06,7.908751e-09,2.0375563e-09,8.071609e-06,0.00800633,4.7146314e-05,0.0020285265,1.2746803e-05,631.6904628276825
40900,1005.9068,4.2281517e-06,8.094243e-09,4.896197e-09,8.304075e-06,0.008192457,4.7655736e-05,0.0020375964,1.2524062e-05,633.292058467865
41000,1005.9068,4.0780337e-06,8.047377e-09,5.173094e-09,8.1306625e-06,0.008143062,4.7464462e-05,0.0020288902,1.2563994e-05,634.9403553009033
41100,1005.9068,3.969894e-06,8.013197e-09,6.844918e-09,8.007004e-06,0.008107354,4.7568665e-05,0.0020281358,1.261652e-05,636.4174151420593
41200,1005.9068,4.5271804e-06,8.2259035e-09,3.3752225e-09,8.667801e-06,0.008320744,4.7377347e-05,0.0020298508,1.264554e-05,637.8414359092712
41300,1005.9068,4.265504e-06,8.205861e-09,3.9496353e-09,8.396619e-06,0.008304453,4.830113e-05,0.0020279845,1.2357793e-05,639.4205107688904
41400,1005.9068,4.1169933e-06,7.859631e-09,2.570544e-09,8.072592e-06,0.007951429,4.7740934e-05,0.0020287936,1.2506376e-05,641.060465335846
41500,1005.9068,4.1392927e-06,8.113504e-09,2.3938955e-09,8.222401e-06,0.008209518,4.8221948e-05,0.0020280278,1.2435168e-05,642.630450963974
41600,1005.9068,3.9771717e-06,8.112395e-09,5.9352687e-09,8.0632635e-06,0.008208989,4.733014e-05,0.0020279281,1.255473e-05,644.1704647541046
41700,1005.9068,3.7707678e-06,8.254089e-09,1.3901583e-09,7.92358e-06,0.008352205,4.7597732e-05,0.0020272017,1.2451236e-05,645.8204538822174
41800,1005.9068,3.928194e-06,8.1031555e-09,7.336499e-09,8.01104e-06,0.008196268,4.7420916e-05,0.0020286655,1.2517404e-05,647.5741596221924
41900,1005.9068,4.368462e-06,8.152681e-09,3.6546723e-09,8.472536e-06,0.008248425,4.769234e-05,0.0020273665,1.24874305e-05,649.8306829929352
42000,1005.9068,3.9063957e-06,8.513823e-09,7.746587e-09,8.196199e-06,0.008612268,4.733386e-05,0.0020295223,1.2504408e-05,651.6900227069855
42100,1005.9068,4.3478444e-06,7.912459e-09,6.2453354e-09,8.333688e-06,0.008007543,4.7382102e-05,0.0020311964,1.2479057e-05,653.5504531860352
42200,1005.9068,4.1157937e-06,7.789122e-09,3.4040286e-09,8.036764e-06,0.007881767,4.7377584e-05,0.0020323105,1.2490905e-05,655.210531949997
42300,1005.9068,3.9703705e-06,8.028512e-09,-4.3461149e-10,8.007903e-06,0.0081228325,4.7801954e-05,0.0020303985,1.2352452e-05,656.9484601020813
42400,1005.9068,3.859934e-06,7.950964e-09,3.6866112e-09,7.862585e-06,0.00804493,4.7488826e-05,0.0020303973,1.2511329e-05,658.660477399826
42500,1005.9068,3.8749613e-06,7.867357e-09,4.1790873e-09,7.8360545e-06,0.0079597095,4.7635207e-05,0.002027203,1.2426116e-05,660.4255375862122
42600,1005.9068,3.9300403e-06,7.854166e-09,2.781162e-09,7.883102e-06,0.007945482,4.73402e-05,0.0020315093,1.2548903e-05,662.2145602703094
42700,1005.9068,4.3274817e-06,8.051267e-09,3.921428e-09,8.380815e-06,0.008144908,4.6918998e-05,0.002026626,1.2626911e-05,663.9656407833099
42800,1005.9068,3.8067842e-06,7.9980484e-09,4.8426823e-09,7.834273e-06,0.008091089,4.7568046e-05,0.0020294446,1.2441611e-05,665.9305448532104
42900,1005.9068,3.9128586e-06,8.0912494e-09,8.616128e-09,7.990996e-06,0.008186861,4.7097317e-05,0.002027627,1.260342e-05,667.9503102302551
43000,1005.9068,4.0622194e-06,8.03018e-09,2.8679896e-09,8.103894e-06,0.008129944,4.695117e-05,0.0020266336,1.2663657e-05,669.840497970581
43100,1005.9068,4.243629e-06,8.091459e-09,8.645275e-09,8.321901e-06,0.0081874505,4.700273e-05,0.0020287342,1.2645512e-05,671.8930292129517
43200,1005.9068,3.9986094e-06,8.150504e-09,3.6864294e-09,8.10162e-06,0.008248119,4.7130867e-05,0.002026814,1.2593784e-05,673.7101023197174
43300,1005.9068,3.8298504e-06,7.887479e-09,5.4924687e-09,7.802377e-06,0.007981132,4.7451536e-05,0.00202587,1.2487819e-05,675.6425628662109
43400,1005.9068,4.1191065e-06,7.904785e-09,2.5017617e-09,8.097347e-06,0.007996689,4.745754e-05,0.0020285565,1.2486316e-05,677.3625087738037
43500,1005.9068,4.205233e-06,7.881454e-09,4.7826187e-09,8.17402e-06,0.007974036,4.751547e-05,0.0020263735,1.2351992e-05,679.1125884056091
43600,1005.9068,4.0778323e-06,7.954497e-09,1.6059704e-09,8.08018e-06,0.008051245,4.670739e-05,0.0020288143,1.2809595e-05,680.822592496872
43700,1005.9068,4.594924e-06,8.208228e-09,7.709801e-09,8.73099e-06,0.008300614,4.7019155e-05,0.0020255104,1.2524852e-05,682.5823574066162
43800,1005.9068,3.7093102e-06,7.945112e-09,5.7920198e-09,7.7111235e-06,0.008031077,4.749892e-05,0.0020271633,1.2429869e-05,684.3425953388214
43900,1005.9068,4.389389e-06,8.02288e-09,6.143298e-09,8.430667e-06,0.008117502,4.7220787e-05,0.0020247498,1.2485333e-05,686.192547082901
44000,1005.9068,3.854518e-06,8.255672e-09,4.4821165e-09,8.011219e-06,0.008348652,4.8149435e-05,0.0020254357,1.22379515e-05,687.9475841522217
44100,1005.9068,3.9815513e-06,8.184861e-09,7.711631e-09,8.105866e-06,0.008281541,4.746079e-05,0.002025354,1.2426373e-05,689.5125498771667
44200,1005.9068,4.4807825e-06,8.008823e-09,3.771323e-09,8.5126185e-06,0.008103421,4.7298683e-05,0.0020249966,1.2489203e-05,691.0725455284119
44300,1005.9068,4.029165e-06,8.074002e-09,5.2059033e-09,8.095218e-06,0.008169796,4.6987316e-05,0.0020238073,1.2574472e-05,692.6405713558197
44400,1005.9068,4.0275295e-06,7.936476e-09,1.5141401e-09,8.020721e-06,0.008026687,4.826662e-05,0.0020275174,1.2217932e-05,694.2335472106934
44500,1005.9068,4.347238e-06,8.008584e-09,8.30993e-09,8.383493e-06,0.008103584,4.7137455e-05,0.0020236496,1.2500669e-05,695.8025274276733
44600,1005.9068,3.860292e-06,7.82691e-09,5.007656e-09,7.801871e-06,0.007918864,4.713805e-05,0.0020233751,1.2548326e-05,697.340630531311
44700,1005.9068,4.1584017e-06,7.60164e-09,3.4009773e-09,7.985073e-06,0.007692529,4.6770943e-05,0.0020231456,1.2747194e-05,698.9825274944305
44800,1005.9068,3.964548e-06,8.096197e-09,1.059254e-09,8.037617e-06,0.008191281,4.789199e-05,0.0020269235,1.2414747e-05,700.6025412082672
44900,1005.9068,4.1743506e-06,8.139781e-09,2.5489684e-09,8.27083e-06,0.008229862,4.8099966e-05,0.0020241577,1.2362932e-05,702.1925601959229
45000,1005.9068,4.38962e-06,7.976911e-09,4.3047828e-09,8.405939e-06,0.008069942,4.7707654e-05,0.0020231807,1.242268e-05,703.8928134441376
45100,1005.9068,3.826514e-06,8.194749e-09,7.403104e-09,7.955494e-06,0.0082911495,4.783016e-05,0.0020234655,1.242751e-05,705.4527411460876
45200,1005.9068,4.1277553e-06,7.854651e-09,4.499706e-09,8.082779e-06,0.007945759,4.6667254e-05,0.002022672,1.2804321e-05,706.982558965683
45300,1005.9068,4.0045434e-06,7.731728e-09,5.8302576e-09,7.899072e-06,0.007823479,4.709333e-05,0.0020227588,1.2640373e-05,708.5825536251068
45400,1005.9068,4.0106643e-06,7.797162e-09,7.854446e-09,7.940128e-06,0.007888807,4.7046895e-05,0.0020225903,1.251288e-05,710.4625890254974
45500,1005.9068,3.6905749e-06,7.952584e-09,3.2925294e-09,7.693647e-06,0.008046721,4.7530288e-05,0.0020243002,1.2375599e-05,712.2740874290466
45600,1005.9068,4.601096e-06,7.818573e-09,7.914852e-09,8.5413885e-06,0.007911527,4.7276408e-05,0.0020220971,1.2389871e-05,714.185037612915
45700,1005.9068,3.9301553e-06,7.885143e-09,3.0649425e-09,7.89908e-06,0.007979553,4.7205685e-05,0.002023839,1.2492389e-05,715.9626450538635
45800,1005.9068,4.0310915e-06,8.149315e-09,4.447715e-09,8.134265e-06,0.008244912,4.664978e-05,0.0020238846,1.2646292e-05,717.6433479785919
45900,1005.9068,4.0324594e-06,8.021527e-09,5.9953393e-09,8.07291e-06,0.008114903,4.6802812e-05,0.0020238939,1.2615766e-05,719.3525958061218
46000,1005.9068,4.054076e-06,7.813397e-09,3.5219068e-09,7.987373e-06,0.007903587,4.6922825e-05,0.0020259,1.2545562e-05,721.3255577087402
46100,1005.9068,3.9209585e-06,7.897717e-09,4.066397e-09,7.897208e-06,0.0079922285,4.70466e-05,0.002021372,1.2490334e-05,723.0936043262482
46200,1005.9068,4.2893075e-06,8.058844e-09,6.387591e-09,8.348918e-06,0.008153633,4.713267e-05,0.0020228538,1.2451841e-05,724.8279979228973
46300,1005.9068,3.9294073e-06,8.060107e-09,5.5755427e-09,7.988841e-06,0.008154528,4.675376e-05,0.0020215951,1.257959e-05,726.7225871086121
46400,1005.9068,4.02127e-06,7.937926e-09,2.878706e-09,8.0165555e-06,0.0080314055,4.7110374e-05,0.0020233262,1.247463e-05,728.4585392475128
46500,1005.9068,4.2371e-06,7.821824e-09,5.248508e-10,8.171637e-06,0.007911355,4.774776e-05,0.0020223528,1.226522e-05,730.2525713443756
46600,1005.9068,4.219609e-06,7.873856e-09,8.954086e-09,8.188746e-06,0.007961478,4.6518904e-05,0.0020212908,1.2693499e-05,732.0137705802917
46700,1005.9068,4.117219e-06,7.77609e-09,2.3543039e-09,8.030584e-06,0.007867753,4.720963e-05,0.0020225926,1.2430627e-05,733.762592792511
46800,1005.9068,4.126708e-06,8.19725e-09,4.1205666e-09,8.253663e-06,0.008289759,4.803571e-05,0.002023152,1.2253446e-05,735.5225510597229
46900,1005.9068,3.941189e-06,7.939513e-09,8.822961e-09,7.9432175e-06,0.008032135,4.6405556e-05,0.0020238177,1.2822116e-05,737.2825751304626
47000,1005.9068,4.0783734e-06,7.876568e-09,1.4598529e-09,8.041379e-06,0.007969069,4.7328125e-05,0.0020246315,1.2490709e-05,739.1125984191895
47100,1005.9068,4.1143553e-06,8.030682e-09,5.1082836e-09,8.158522e-06,0.008126141,4.757565e-05,0.0020208645,1.2409488e-05,740.8777318000793
47200,1005.9068,4.029074e-06,7.979618e-09,1.155889e-08,8.0540085e-06,0.008073805,4.7005804e-05,0.0020204915,1.2575973e-05,742.6625466346741
47300,1005.9068,3.908128e-06,7.864553e-09,6.6658734e-10,7.864298e-06,0.007955782,4.7182355e-05,0.0020207665,1.25799215e-05,744.6627163887024
47400,1005.9068,3.850012e-06,8.141111e-09,2.8521034e-09,7.947463e-06,0.008236617,4.8088044e-05,0.0020234324,1.2261323e-05,746.3125221729279
47500,1005.9068,3.630243e-06,7.7863e-09,6.258797e-09,7.5526477e-06,0.007878659,4.6808476e-05,0.0020201346,1.26268405e-05,747.9325482845306
47600,1005.9068,3.9370216e-06,7.615378e-09,5.5075136e-09,7.772709e-06,0.007705108,4.683799e-05,0.0020197188,1.2529269e-05,749.6627197265625
47700,1005.9068,3.7420768e-06,7.944897e-09,6.366207e-11,7.738054e-06,0.008036772,4.754787e-05,0.0020226133,1.2454043e-05,751.1925573348999
47800,1005.9068,4.0336654e-06,7.824981e-09,7.586989e-09,7.976852e-06,0.007916109,4.6806963e-05,0.0020189474,1.2459684e-05,752.8125557899475
47900,1005.9068,3.949642e-06,7.9001845e-09,6.9057178e-09,7.9299725e-06,0.0079858685,4.7968086e-05,0.0020220412,1.2116864e-05,754.2626528739929
48000,1005.9068,3.8324465e-06,8.066943e-09,6.6424355e-09,7.896386e-06,0.008160229,4.7338708e-05,0.0020190983,1.2417079e-05,755.9940693378448
48100,1005.9068,4.006975e-06,7.945499e-09,-2.3761434e-10,8.002953e-06,0.008038522,4.7513313e-05,0.0020241078,1.2241237e-05,757.6325521469116
48200,1005.9068,3.9700744e-06,8.144994e-09,5.4405356e-09,8.072067e-06,0.008243063,4.7349244e-05,0.0020200892,1.2291112e-05,759.2225027084351
48300,1005.9068,3.928805e-06,7.646713e-09,6.4054464e-09,7.781151e-06,0.007737622,4.7031655e-05,0.0020203283,1.2410262e-05,760.8627498149872
48400,1005.9068,4.1854655e-06,7.742473e-09,9.031572e-09,8.0886e-06,0.007831695,4.6702433e-05,0.0020205572,1.2501028e-05,762.5526101589203
48500,1005.9068,3.969763e-06,7.826044e-09,3.4373082e-09,7.909335e-06,0.007918284,4.7028618e-05,0.0020209835,1.242558e-05,764.1325223445892
48600,1005.9068,3.9899523e-06,7.9431075e-09,4.575514e-09,7.989541e-06,0.0080374535,4.6486097e-05,0.0020250962,1.266875e-05,765.6726229190826
48700,1005.9068,3.8335147e-06,7.7873565e-09,7.739335e-09,7.757932e-06,0.007878614,4.674111e-05,0.0020203376,1.2547398e-05,767.3626508712769
48800,1005.9068,4.037004e-06,7.4544255e-09,3.891589e-09,7.790124e-06,0.007543214,4.6352594e-05,0.0020182487,1.26970035e-05,769.0856461524963
48900,1005.9068,4.193559e-06,8.04271e-09,6.890358e-09,8.245557e-06,0.008138583,4.7135665e-05,0.002019925,1.2448779e-05,770.7725887298584
49000,1005.9068,4.211532e-06,8.034654e-09,6.810286e-09,8.259399e-06,0.008128592,4.696766e-05,0.002022565,1.24977905e-05,772.4325370788574
49100,1005.9068,4.1573644e-06,7.984598e-09,7.447895e-09,8.180693e-06,0.008077327,4.6625126e-05,0.0020197078,1.2608894e-05,774.0966198444366
49200,1005.9068,4.0797777e-06,7.756719e-09,4.63145e-09,7.985677e-06,0.007846505,4.6542275e-05,0.0020203614,1.2660149e-05,775.712649345398
49300,1005.9068,4.639824e-06,7.7223286e-09,8.915137e-09,8.53271e-06,0.007813392,4.6783083e-05,0.0020215937,1.26024715e-05,777.2925369739532
49400,1005.9068,3.923444e-06,7.8230356e-09,6.0887504e-09,7.864155e-06,0.007915369,4.6761463e-05,0.0020236063,1.25075585e-05,778.922390460968
49500,1005.9068,4.128495e-06,7.955649e-09,4.9752242e-09,8.134792e-06,0.008044758,4.7028243e-05,0.0020194591,1.2542305e-05,780.5624437332153
49600,1005.9068,4.2515217e-06,8.043683e-09,4.5504023e-09,8.301669e-06,0.008136,4.689122e-05,0.002020375,1.2494837e-05,782.222597360611
49700,1005.9068,4.1039566e-06,7.67645e-09,5.995065e-09,7.970848e-06,0.007763525,4.649157e-05,0.0020194822,1.2628629e-05,783.8025486469269
49800,1005.9068,4.1800904e-06,7.983221e-09,2.3670197e-09,8.197645e-06,0.008079467,4.7134334e-05,0.0020196047,1.24837525e-05,785.382654428482
49900,1005.9068,4.071605e-06,8.064382e-09,7.965824e-09,8.135579e-06,0.008161133,4.6946432e-05,0.0020194757,1.2326292e-05,786.887617111206
50000,1005.9068,4.103729e-06,7.785816e-09,5.767717e-09,8.025399e-06,0.007878592,4.6842884e-05,0.0020176654,1.2448223e-05,788.3326137065887
