iteration,theta_1,loss_a,loss_b,loss,L2-error,objective,objective-error,constraint-error,runtime
0,100.0,0.79360634,5.905745,296.08087,1.2663617,0.79715776,-0.4925136,2.4167035,7.8451316356658936
100,110.4622,1.0705754,4.3735447,242.62625,0.88438934,1.0690763,-0.3194049,2.0856137,9.965116500854492
200,122.018974,1.1003677,2.2556283,138.7151,0.4426864,1.1473093,-0.2696002,1.4630872,11.235190153121948
300,134.78485,2.8986497,0.00093874004,2.9619136,1.4240274,2.8052926,0.78590465,0.073482774,12.965086460113525
400,148.8863,2.8585737,6.376524e-05,2.8633206,1.4136658,2.857476,0.81912565,0.009001736,14.694963455200195
500,164.4631,2.853589,3.4860095e-05,2.8564556,1.409081,2.8537157,0.8167318,0.005579894,16.351658582687378
600,181.66954,2.846189,2.7695702e-05,2.8487048,1.4041708,2.8460083,0.81182516,0.005233548,17.759434461593628
700,200.67616,2.8384717,1.45056465e-05,2.8399272,1.4000535,2.8261418,0.79917777,0.017034672,19.11489510536194
800,221.67131,2.8261387,3.6256172e-06,2.8265405,1.3882579,2.8219452,0.79650605,0.0029561538,20.317301273345947
900,244.86299,2.8143058,1.0852738e-05,2.8156345,1.3831538,2.8157225,0.7925446,0.0017952594,21.533951997756958
1000,270.48108,2.805901,1.1917707e-05,2.8075128,1.3782806,2.806181,0.7864702,0.002944509,22.76519465446472
1100,298.7794,2.7960901,1.763284e-05,2.7987242,1.3741057,2.787337,0.7744738,0.01371585,23.961912631988525
1200,330.0383,2.7693398,0.00012869596,2.7905772,1.3422388,2.8854437,0.8369304,0.12146534,25.2049560546875
1300,364.5676,2.7657425,7.0632054e-06,2.76703,1.3529257,2.7653837,0.7604979,0.0028424421,26.45504856109619
1400,402.7094,2.7580543,5.624093e-06,2.7591867,1.3479177,2.7578716,0.7557156,0.0023518638,27.64963674545288
1500,444.84167,2.7495914,4.6621662e-06,2.7506282,1.3424759,2.7493868,0.750314,0.0021435139,28.834895849227905
1600,491.38187,2.7398722,6.0812563e-06,2.7413664,1.3363439,2.7411647,0.74507964,0.0009952605,30.02739977836609
1700,501.25864,2.7300446,0.0009951427,2.9794564,1.3238828,2.631906,0.6755234,0.08279044,31.254890203475952
1800,501.25864,2.692596,4.1738404e-06,2.6936421,1.3060329,2.6922786,0.7139578,0.0022056093,32.45706582069397
1900,501.25864,2.6856089,3.6476151e-06,2.686523,1.3014017,2.685426,0.7095952,0.0019140735,33.717408657073975
2000,501.25864,2.6778877,3.6820877e-06,2.6788106,1.2964154,2.6776984,0.7046757,0.0019125041,34.99502348899841
2100,501.25864,2.6694956,3.7048396e-06,2.6704242,1.290973,2.669281,0.699317,0.001927419,36.21512174606323
2200,501.25864,2.6603334,3.7419045e-06,2.6612713,1.2850038,2.660099,0.69347155,0.0019370158,37.44909644126892
2300,501.25864,2.6502886,3.7738262e-06,2.6512344,1.2784204,2.650032,0.68706274,0.0019446576,38.67194890975952
2400,501.25864,2.6391954,3.8359085e-06,2.6401567,1.2711086,2.6389124,0.67998374,0.0019575194,39.8499710559845
2500,501.25864,2.626846,3.89369e-06,2.627822,1.2629095,2.6265302,0.672101,0.0019717044,41.07099151611328
2600,501.25864,2.6129365,3.9764727e-06,2.613933,1.2535989,2.6125798,0.6632199,0.001990256,42.74735760688782
2700,501.25864,2.5970247,4.0767845e-06,2.5980465,1.2428498,2.5966055,0.6530504,0.0020236545,44.33834362030029
2800,501.25864,2.5784383,4.2236966e-06,2.5794969,1.2301545,2.5779455,0.641171,0.0020576767,45.9951491355896
2900,501.25864,2.556104,4.4578915e-06,2.5572212,1.2147124,2.5555031,0.62688375,0.0021126284,47.26507234573364
3000,501.25864,2.5282931,4.7961753e-06,2.5294952,1.1952091,2.5275276,0.609074,0.0021942763,48.51869058609009
3100,501.25864,2.4922585,5.3329095e-06,2.4935951,1.1695615,2.4912488,0.58597827,0.002314701,49.77477741241455
3200,501.25864,2.444278,6.0861207e-06,2.4458034,1.1349148,2.4429293,0.555217,0.002473164,50.914849519729614
3300,501.25864,2.3803215,7.1363766e-06,2.38211,1.088004,2.378709,0.51433325,0.0025502425,52.32616710662842
3400,501.25864,2.311337,4.2829956e-06,2.3124104,1.0325722,2.3211703,0.47770286,0.013817582,53.56884479522705
3500,501.25864,2.241669,1.722448e-05,2.245986,0.97950226,2.259458,0.43841565,0.019770322,54.90153241157532
3600,501.25864,2.1722066,1.3853941e-05,2.1756787,0.924778,2.1792948,0.38738215,0.007804115,56.23516058921814
3700,501.25864,2.0978732,7.643168e-06,2.099789,0.85940427,2.1038065,0.33932483,0.007885416,57.47975420951843
3800,501.25864,2.0200894,6.463612e-06,2.0217094,0.78787893,2.0177517,0.28454053,0.002770529,58.75111770629883
3900,501.25864,1.9429575,8.730955e-06,1.9451457,0.7097154,1.9410901,0.23573625,0.0030324094,60.0904815196991
4000,501.25864,1.8773711,8.565738e-06,1.8795179,0.6345376,1.8761249,0.19437814,0.0028447618,61.311522245407104
4100,501.25864,1.8250793,6.179489e-05,1.8405669,0.57921255,1.8049761,0.1490835,0.030332921,62.43768310546875
4200,501.25864,1.7989172,7.5052876e-06,1.8007982,0.5387837,1.7979496,0.14461017,0.0029295536,63.62014579772949
4300,501.25864,1.770364,7.2887915e-06,1.7721908,0.5059546,1.7698781,0.12673938,0.0025737814,64.92770385742188
4400,501.25864,1.7440007,7.815452e-06,1.7459594,0.47576168,1.7434896,0.10993993,0.0027228585,66.11638021469116
4500,501.25864,1.7206666,6.5492677e-06,1.722308,0.4468743,1.718877,0.094271064,0.0036820597,67.43058776855469
4600,501.25864,1.6933143,0.00021032312,1.7460275,0.42287818,1.7019863,0.08351815,0.0037009048,68.65484166145325
4700,501.25864,1.688896,6.4263513e-06,1.6905066,0.4016153,1.6885868,0.07498777,0.0025095446,69.767826795578
4800,501.25864,1.6754928,6.3896014e-06,1.6770942,0.38146344,1.6751862,0.06645656,0.0025290418,70.92526006698608
4900,501.25864,1.6636579,6.2567374e-06,1.665226,0.3622829,1.6633935,0.058949113,0.0024985613,72.08505177497864
5000,501.25864,1.6533167,6.119746e-06,1.6548505,0.34412706,1.6530834,0.05238557,0.0024741418,73.32127618789673
5100,501.25864,1.6443843,5.9985764e-06,1.6458877,0.32707602,1.6441913,0.046724677,0.002443335,74.46493577957153
5200,501.25864,1.6367502,5.900466e-06,1.638229,0.3112101,1.6365771,0.04187739,0.0024319012,75.67515897750854
5300,501.25864,1.6302983,5.768951e-06,1.6317441,0.29657608,1.6301911,0.037811875,0.0023720532,77.01119041442871
5400,501.25864,1.6241944,9.819855e-06,1.6266556,0.28005084,1.6527729,0.05218792,0.034740098,78.47016930580139
5500,501.25864,1.6228323,5.1331804e-06,1.6241188,0.2728087,1.6211421,0.032051086,0.00393688,79.79495787620544
5600,501.25864,1.6188459,5.5119303e-06,1.6202273,0.26579532,1.6187667,0.030538797,0.0023423901,81.12010478973389
5700,501.25864,1.6155514,5.4415796e-06,1.6169152,0.25808084,1.6154745,0.028442979,0.0023351107,82.34777903556824
5800,501.25864,1.612655,5.3745434e-06,1.6140021,0.25023425,1.6125913,0.026607513,0.0023164528,83.60504245758057
5900,501.25864,1.6100712,5.3142103e-06,1.6114031,0.24261713,1.6100134,0.02496636,0.0023041156,84.88733053207397
6000,501.25864,1.6077394,5.255762e-06,1.6090567,0.23537596,1.6077044,0.02349639,0.0022762043,86.17505073547363
6100,501.25864,1.6055932,5.262282e-06,1.6069121,0.22855373,1.6055412,0.022119284,0.002296307,87.74492001533508
6200,501.25864,1.6036379,5.150381e-06,1.6049287,0.22211778,1.6036046,0.020886302,0.0022586172,89.05539059638977
6300,501.25864,1.6019073,4.6876107e-06,1.6030821,0.21513884,1.6068513,0.022953272,0.0058994503,90.28501653671265
6400,501.25864,1.6008401,1.3371207e-05,1.6041913,0.21025495,1.5850129,0.0090504885,0.026354987,91.42985510826111
6500,501.25864,1.6005874,3.3631402e-06,1.6014303,0.20781668,1.6021671,0.019971251,0.0026184276,92.56990551948547
6600,501.25864,1.598432,5.066716e-06,1.5997018,0.20689882,1.5983813,0.017561078,0.002266985,93.70503950119019
6700,501.25864,1.5971541,5.0589e-06,1.598422,0.20379393,1.5971218,0.016759276,0.0022522146,94.9228630065918
6800,501.25864,1.5959618,5.0349154e-06,1.5972238,0.1999885,1.5959344,0.01600337,0.0022435533,96.02530646324158
6900,501.25864,1.594822,5.004533e-06,1.5960764,0.19596235,1.5947924,0.015276313,0.0022393619,97.1298611164093
7000,501.25864,1.5937234,4.9726173e-06,1.5949697,0.19191612,1.5936967,0.014578819,0.0022309585,98.23801398277283
7100,501.25864,1.5926621,4.9420273e-06,1.5939007,0.18793426,1.5926267,0.013897657,0.0022326605,99.32156252861023
7200,501.25864,1.591648,4.8648485e-06,1.5928673,0.18401958,1.5916631,0.013284206,0.0021705693,100.4600145816803
7300,501.25864,1.59064,4.8911747e-06,1.5918658,0.18021789,1.5906113,0.012614608,0.0022160583,101.68084383010864
7400,501.25864,1.5897032,4.7603517e-06,1.5908962,0.17661223,1.5890466,0.011618495,0.0028397366,102.88593745231628
7500,501.25864,1.5857006,7.11807e-05,1.6035407,0.16191427,1.6338776,0.04015875,0.06301902,103.93584728240967
7600,501.25864,1.5885752,6.5207273e-06,1.5902095,0.16988738,1.588595,0.011330962,0.0024912392,105.24813985824585
7700,501.25864,1.5879416,4.8383117e-06,1.5891542,0.17086235,1.587919,0.010900617,0.0022043237,106.87490320205688
7800,501.25864,1.5872549,4.835892e-06,1.5884669,0.16897032,1.5872357,0.010465622,0.002201954,108.24531126022339
7900,501.25864,1.5866113,4.820329e-06,1.5878193,0.16622141,1.5865978,0.010059476,0.0021939066,109.44482755661011
8000,501.25864,1.5863495,4.811417e-06,1.5875554,0.16506812,1.5863478,0.0099003315,0.002194082,110.64497542381287
8100,501.25864,1.586194,4.8070997e-06,1.5873989,0.16433294,1.5861925,0.009801507,0.00219251,111.86558604240417
8200,501.25864,1.5860357,4.8020647e-06,1.5872393,0.16357766,1.5860342,0.009700656,0.0021913615,113.08848834037781
8300,501.25864,1.5858749,4.79487e-06,1.5870767,0.16280453,1.585873,0.009598136,0.002190048,114.33791136741638
8400,501.25864,1.58571,4.794045e-06,1.5869116,0.16201349,1.5857086,0.00949347,0.002189358,115.55879497528076
8500,501.25864,1.5855433,4.783838e-06,1.5867423,0.16120632,1.5855414,0.009386897,0.002188253,116.66785645484924
8600,501.25864,1.5853734,4.7808226e-06,1.5865716,0.16038321,1.5853717,0.009279013,0.0021865088,117.87633800506592
8700,501.25864,1.5852005,4.775083e-06,1.5863973,0.15954511,1.585199,0.0091689825,0.0021847729,119.00523638725281
8800,501.25864,1.5850257,4.7673425e-06,1.5862205,0.15869172,1.5850238,0.009057403,0.0021830369,120.14018034934998
8900,501.25864,1.5848473,4.7638027e-06,1.5860413,0.15782312,1.5848454,0.008943915,0.0021828066,121.213463306427
9000,501.25864,1.5846666,4.757101e-06,1.5858588,0.15694058,1.5846642,0.008828521,0.002181078,122.33676600456238
9100,501.25864,1.5844831,4.75297e-06,1.5856744,0.15604362,1.584482,0.00871253,0.0021792057,123.53092980384827
9200,501.25864,1.5842978,4.743781e-06,1.5854867,0.15513174,1.5842962,0.0085942745,0.002177893,124.68648672103882
9300,501.25864,1.5841107,4.7360663e-06,1.5852977,0.1542072,1.5841086,0.008474827,0.0021766163,125.92507123947144
9400,501.25864,1.5839201,4.731385e-06,1.5851059,0.15326811,1.5839181,0.008353591,0.0021751747,127.06002855300903
9500,501.25864,1.5837278,4.725116e-06,1.5849121,0.15231486,1.5837263,0.008231401,0.0021737332,128.42044019699097
9600,501.25864,1.5835345,4.7191647e-06,1.5847173,0.15134792,1.5835321,0.008107781,0.0021723276,129.75833940505981
9700,501.25864,1.5833385,4.713151e-06,1.5845197,0.15036736,1.5833366,0.007983327,0.0021711804,130.90765738487244
9800,501.25864,1.5831416,4.705933e-06,1.584321,0.14937322,1.5831394,0.0078577995,0.0021696466,132.0051245689392
9900,501.25864,1.5829424,4.7016747e-06,1.5841208,0.14836529,1.5829406,0.0077311993,0.0021678123,133.20122122764587
10000,501.25864,1.5827422,4.6957425e-06,1.583919,0.14734252,1.5827402,0.0076036453,0.0021666356,134.3752064704895
10100,501.25864,1.582541,4.6898163e-06,1.5837164,0.14630747,1.5825388,0.0074754953,0.0021660211,135.5810112953186
10200,501.25864,1.5823393,4.6821197e-06,1.5835128,0.14525867,1.5823374,0.007347226,0.0021636917,136.81507396697998
10300,501.25864,1.5821369,4.6729447e-06,1.5833081,0.14419682,1.5821346,0.0072181225,0.0021622877,138.1352677345276
10400,501.25864,1.5819341,4.6672753e-06,1.5831039,0.14312153,1.5819316,0.0070888996,0.0021606453,139.28854179382324
10500,501.25864,1.5817301,4.661768e-06,1.5828985,0.14203335,1.581728,0.006959319,0.0021592784,140.6239447593689
10600,501.25864,1.5815264,4.656424e-06,1.5826935,0.14093173,1.5815245,0.0068297386,0.0021579668,141.94788479804993
10700,501.25864,1.5813227,4.650766e-06,1.5824883,0.139818,1.581321,0.006700158,0.0021566374,143.1892957687378
10800,501.25864,1.5811203,4.640912e-06,1.5822834,0.13869166,1.581118,0.0065709352,0.0021543088,144.29487466812134
10900,501.25864,1.5809176,4.632705e-06,1.5820787,0.13755381,1.5809157,0.006442189,0.0021526718,145.5187849998474
11000,501.25864,1.5807159,4.627542e-06,1.5818757,0.136405,1.5807137,0.0063135624,0.0021512466,146.66518449783325
11100,501.25864,1.580516,4.6188193e-06,1.5816736,0.13524379,1.580514,0.006186366,0.0021490692,147.75493478775024
11200,501.25864,1.5803167,4.611506e-06,1.5814724,0.13407317,1.5803144,0.006059408,0.0021474417,148.94487810134888
11300,501.25864,1.5801176,4.6074633e-06,1.5812724,0.13289167,1.5801157,0.005932808,0.0021464627,150.01607751846313
11400,501.25864,1.5799215,4.598278e-06,1.581074,0.13170205,1.5799197,0.005808115,0.0021443814,151.12019205093384
11500,501.25864,1.5797274,4.5899064e-06,1.5808778,0.13050342,1.5797254,0.0056843758,0.0021427386,152.2149477005005
11600,501.25864,1.5795349,4.5830307e-06,1.5806836,0.12929766,1.5795332,0.005562067,0.0021407811,153.4250020980835
11700,501.25864,1.5793444,4.5749775e-06,1.5804911,0.12808481,1.5793433,0.005441189,0.002138512,154.61526536941528
11800,501.25864,1.5791559,4.572764e-06,1.580302,0.12686644,1.5791538,0.005320549,0.0021387343,155.87215375900269
11900,501.25864,1.5789716,4.561256e-06,1.5801148,0.12564343,1.5789698,0.0052033663,0.0021355816,157.4816255569458
12000,501.25864,1.5787879,4.555275e-06,1.5799296,0.124416515,1.5787867,0.0050867796,0.002134347,158.77814888954163
12100,501.25864,1.5786085,4.547477e-06,1.5797483,0.12318721,1.5786078,0.0049729347,0.002131099,160.06495356559753
12200,501.25864,1.5784299,4.547895e-06,1.5795698,0.12195532,1.5784299,0.004859686,0.0021303776,161.2351953983307
12300,501.25864,1.5782589,4.5275124e-06,1.5793936,0.12072534,1.578257,0.0047495365,0.0021282986,162.47514390945435
12400,501.25864,1.5780866,4.52597e-06,1.579221,0.119495556,1.5780851,0.0046401024,0.002127488,163.64493680000305
12500,501.25864,1.5779202,4.5136476e-06,1.5790515,0.11826794,1.5779179,0.0045337677,0.0021250339,164.83965158462524
12600,501.25864,1.5777545,4.5103684e-06,1.578885,0.11704472,1.5777535,0.004429102,0.0021232083,166.11341428756714
12700,501.25864,1.5775939,4.5012025e-06,1.578722,0.11582591,1.5775918,0.004326105,0.0021221428,167.35026216506958
12800,501.25864,1.5774345,4.497948e-06,1.5785619,0.1146118,1.5774342,0.004225731,0.0021198874,168.56507873535156
12900,501.25864,1.5772806,4.486908e-06,1.5784051,0.11340713,1.5772783,0.0041265488,0.002118895,169.8048858642578
13000,501.25864,1.5771273,4.484078e-06,1.5782511,0.11221025,1.5771273,0.004030466,0.0021163295,170.94028401374817
13100,501.25864,1.5769798,4.471791e-06,1.5781006,0.11102397,1.5769764,0.0039343834,0.0021166771,172.05533385276794
13200,501.25864,1.5768349,4.46078e-06,1.5779529,0.10984766,1.5768325,0.0038427114,0.0021128154,173.2377381324768
13300,501.25864,1.5766897,4.461814e-06,1.577808,0.10868452,1.5766896,0.0037517548,0.0021111583,174.45728850364685
13400,501.25864,1.5765527,4.4413023e-06,1.5776659,0.10753355,1.5765456,0.0036600828,0.0021126796,175.6621015071869
13500,501.25864,1.576413,4.443183e-06,1.5775266,0.10639648,1.5764115,0.003574729,0.0021079679,176.87534999847412
13600,501.25864,1.5762788,4.4304766e-06,1.5773892,0.10527224,1.5762745,0.0034874678,0.0021076335,178.10512971878052
13700,501.25864,1.5761484,4.4136423e-06,1.5772545,0.10416383,1.5761391,0.0034012794,0.0021081746,179.33529043197632
13800,501.25864,1.5761613,3.881345e-06,1.577134,0.1030969,1.5758388,0.0032100677,0.0022757098,181.01194882392883
13900,501.25864,1.5758921,4.4035046e-06,1.5769957,0.10202989,1.5758808,0.0032367706,0.0021080498,182.20491862297058
14000,501.25864,1.5756888,4.7443277e-06,1.576878,0.10101391,1.57585,0.0032172203,0.002024084,183.4691936969757
14100,501.25864,1.5761758,2.924698e-06,1.5769088,0.10010651,1.5754256,0.002947092,0.0023283989,184.75491404533386
14200,501.25864,1.5755509,4.3707955e-06,1.5766463,0.09917019,1.5755359,0.0030173063,0.0021037052,185.87529945373535
14300,501.25864,1.5753067,4.951322e-06,1.5765476,0.098266035,1.5755373,0.0030181408,0.002002352,187.18525052070618
14400,501.25864,1.5755907,3.5124556e-06,1.5764711,0.0974966,1.5750262,0.0026928186,0.0024127315,188.4065945148468
14500,501.25864,1.5752242,4.429375e-06,1.5763342,0.09663532,1.5752429,0.0028307438,0.002085989,189.62798976898193
14600,501.25864,1.5752814,3.8615945e-06,1.5762492,0.09588498,1.5749218,0.0026262999,0.0023136365,190.80802202224731
14700,501.25864,1.575053,4.3534715e-06,1.5761441,0.095100716,1.5750393,0.0027011633,0.0020988362,192.20501589775085
14800,501.25864,1.5748982,4.6180944e-06,1.5760556,0.09435964,1.5750109,0.0026830435,0.0020411313,193.55534434318542
14900,501.25864,1.5746514,5.359812e-06,1.5759947,0.0936122,1.5751263,0.0027564764,0.0018705535,194.71036005020142
15000,501.25864,1.5747919,4.3464493e-06,1.5758812,0.09298229,1.5747831,0.0025379658,0.0020925861,196.01614451408386
15100,501.25864,1.5747545,4.173656e-06,1.5758005,0.092327096,1.5746589,0.00245893,0.002133469,197.2348940372467
15200,501.25864,1.5747612,3.8665567e-06,1.5757302,0.09166593,1.5746102,0.0024279356,0.0021030915,198.54511427879333
15300,501.25864,1.5745361,4.4155427e-06,1.5756427,0.091050334,1.5745658,0.002399683,0.0020721115,199.80016374588013
15400,501.25864,1.5744958,4.280377e-06,1.5755686,0.09045516,1.5744486,0.002325058,0.0021139423,201.24029159545898
15500,501.25864,1.5746217,3.6002243e-06,1.575524,0.08991476,1.5741428,0.0021303892,0.0023582173,202.65009760856628
15600,501.25864,1.5743378,4.3400087e-06,1.5754256,0.08928969,1.5743366,0.0022537708,0.0020838056,203.8302299976349
15700,501.25864,1.5747529,2.9888506e-06,1.575502,0.08882533,1.5737939,0.0019083023,0.0026056478,204.92527747154236
15800,501.25864,1.5741998,4.3548384e-06,1.5752913,0.088180505,1.5742093,0.0021727085,0.0020768824,206.14500880241394
15900,501.25864,1.5741675,4.230628e-06,1.5752279,0.08765843,1.5741022,0.0021045208,0.0021186406,207.37190651893616
16000,501.25864,1.5742722,3.654448e-06,1.575188,0.08717774,1.5738547,0.0019469261,0.0023125655,208.49487257003784
16100,501.25864,1.5740014,4.4002113e-06,1.5751042,0.08661294,1.5740336,0.0020608902,0.0020655089,209.70504641532898
16200,501.25864,1.573916,4.510068e-06,1.5750463,0.08610098,1.5740135,0.0020480156,0.0020302401,211.0253245830536
16300,501.25864,1.5733289,7.449827e-06,1.575196,0.085469335,1.5745436,0.0023856163,0.0016732858,212.35489583015442
16400,501.25864,1.5738493,4.3188297e-06,1.5749317,0.08514573,1.5738482,0.001942873,0.0020784598,213.6750726699829
16500,501.25864,1.573787,4.351998e-06,1.5748777,0.08467978,1.5737816,0.0019004345,0.0020907489,214.81521153450012
16600,501.25864,1.5737479,4.298167e-06,1.5748252,0.084213726,1.5737388,0.0018732548,0.0020817765,216.0002737045288
16700,501.25864,1.5736774,4.379177e-06,1.574775,0.08376581,1.5736973,0.0018467903,0.002072563,217.17034101486206
16800,501.25864,1.5736544,4.2706342e-06,1.5747248,0.083322644,1.5736308,0.001804471,0.0020888841,218.34001111984253
16900,501.25864,1.573601,4.292093e-06,1.5746768,0.0828842,1.5735966,0.0017826557,0.0020753292,219.4702787399292
17000,501.25864,1.573718,3.7057182e-06,1.5746467,0.08247426,1.5734074,0.0016622543,0.002218584,220.5621635913849
17100,501.25864,1.5735188,4.2476745e-06,1.5745833,0.08202688,1.5734884,0.0017137527,0.0020891868,221.74535131454468
17200,501.25864,1.5734532,4.33109e-06,1.5745387,0.08160985,1.5734698,0.001701951,0.0020645133,222.950199842453
17300,501.25864,1.5729308,6.8485683e-06,1.5746473,0.08105887,1.5739667,0.0020183325,0.0016994413,224.02018570899963
17400,501.25864,1.5733663,4.3337286e-06,1.5744524,0.080789976,1.5733825,0.0016463995,0.002066098,225.2850992679596
17500,501.25864,1.5733459,4.2503375e-06,1.5744112,0.0804009,1.573314,0.0016027689,0.0020918949,226.4503014087677
17600,501.25864,1.5732341,4.5456227e-06,1.5743734,0.07999251,1.5732933,0.0015896559,0.0020729417,227.5986328125
17700,501.25864,1.5732661,4.2503666e-06,1.5743314,0.07961843,1.5732436,0.0015579462,0.002082608,228.65520215034485
17800,501.25864,1.5732207,4.2779666e-06,1.5742929,0.07923027,1.5732163,0.0015405416,0.0020721587,229.79211902618408
17900,501.25864,1.573372,3.6256224e-06,1.5742807,0.07890507,1.5729628,0.0013791323,0.002298662,230.90841555595398
18000,501.25864,1.5731475,4.2755983e-06,1.5742191,0.07849561,1.5731415,0.0014929771,0.0020737106,232.12011122703552
18100,501.25864,1.5730493,4.535837e-06,1.5741861,0.0781173,1.5731488,0.0014976263,0.0020324267,233.48505544662476
18200,501.25864,1.5729932,4.6281675e-06,1.5741531,0.0777451,1.5731728,0.0015128851,0.0019787827,234.77508997917175
18300,501.25864,1.5730469,4.264335e-06,1.5741156,0.077419914,1.5730383,0.0014272928,0.0020728712,235.9301471710205
18400,501.25864,1.5730137,4.2690936e-06,1.5740836,0.07704553,1.5729792,0.0013896227,0.0020979915,237.23490571975708
18500,501.25864,1.5728182,4.982201e-06,1.5740669,0.07671792,1.5729927,0.0013982058,0.0020540967,238.46129369735718
18600,501.25864,1.5729513,4.2617944e-06,1.5740194,0.07639496,1.5729442,0.0013673306,0.0020708628,239.59282684326172
18700,501.25864,1.5728885,4.3963046e-06,1.5739903,0.076049104,1.5729343,0.0013610125,0.0020516582,240.7077739238739
18800,501.25864,1.5728573,4.401499e-06,1.5739604,0.07573815,1.5729225,0.0013535023,0.0020348558,241.91498494148254
18900,501.25864,1.5728418,4.3438113e-06,1.5739305,0.075429045,1.572879,0.0013258457,0.0020484044,243.11856150627136
19000,501.25864,1.5729085,3.97686e-06,1.5739052,0.075115584,1.5727468,0.001241684,0.002149752,244.29522109031677
19100,501.25864,1.572813,4.2376005e-06,1.5738751,0.07481525,1.5727949,0.0012723207,0.0020756493,245.7801389694214
19200,501.25864,1.5728049,4.167233e-06,1.5738493,0.07452711,1.5727577,0.0012485981,0.0020866734,246.97474455833435
19300,501.25864,1.5727279,4.371941e-06,1.5738237,0.07423166,1.5727808,0.00126338,0.0020394172,248.15515732765198
19400,501.25864,1.5727072,4.351924e-06,1.573798,0.07394719,1.5727475,0.0012421608,0.002047035,249.39246940612793
19500,501.25864,1.5727693,4.0100826e-06,1.5737743,0.07367562,1.5726379,0.0011724234,0.0021300293,250.7077898979187
19600,501.25864,1.5729368,3.3874899e-06,1.5737858,0.07342718,1.5724112,0.0010280609,0.0023453224,252.10857844352722
19700,501.25864,1.5723853,5.5313435e-06,1.5737716,0.07302651,1.5729592,0.0013768673,0.0018143035,253.6717586517334
19800,501.25864,1.572638,4.2401384e-06,1.5737008,0.07284527,1.5726277,0.0011658669,0.0020690719,254.94238448143005
19900,501.25864,1.5726041,4.2842107e-06,1.5736778,0.072576396,1.5726126,0.0011563301,0.0020617563,256.2197437286377
20000,501.25864,1.5733268,2.699017e-06,1.5740032,0.07247473,1.5720354,0.00078880787,0.0027093068,257.6849412918091
20100,501.25864,1.5725641,4.2732204e-06,1.5736351,0.072069965,1.5725715,0.0011301041,0.0020598117,259.06513381004333
20200,501.25864,1.5725428,4.274265e-06,1.573614,0.07182437,1.5725535,0.00111866,0.0020571963,260.7477147579193
20300,501.25864,1.5725427,4.1919884e-06,1.5735933,0.07159288,1.5725195,0.0010969639,0.0020703766,262.47905945777893
20400,501.25864,1.5725299,4.1634526e-06,1.5735734,0.07135192,1.5724822,0.0010732412,0.0020863165,264.6601676940918
20500,501.25864,1.5724918,4.2365436e-06,1.5735536,0.07110807,1.5724807,0.0010722876,0.002069165,266.50441551208496
20600,501.25864,1.5720026,6.602306e-06,1.5736574,0.070786014,1.5729563,0.0013750792,0.0016878915,268.57073616981506
20700,501.25864,1.5724485,4.2523593e-06,1.5735142,0.07064619,1.5724528,0.0010545254,0.0020577393,270.01252841949463
20800,501.25864,1.5724032,4.359034e-06,1.5734957,0.07042739,1.5724554,0.0010561943,0.002037017,271.5026488304138
20900,501.25864,1.572386,4.355743e-06,1.5734777,0.070196725,1.5724514,0.0010535717,0.0020233765,272.92862486839294
21000,501.25864,1.5720185,6.166635e-06,1.573564,0.06987988,1.5726724,0.0011942387,0.0018396705,274.53763604164124
21100,501.25864,1.5723689,4.2776996e-06,1.573441,0.06977031,1.5723859,0.0010119677,0.0020518808,276.20792627334595
21200,501.25864,1.5723444,4.3074324e-06,1.573424,0.06954766,1.5723773,0.001006484,0.0020438002,277.86085414886475
21300,501.25864,1.5722513,4.6337477e-06,1.5734127,0.06931493,1.5724434,0.0010485649,0.0019680914,279.3875958919525
21400,501.25864,1.572266,4.4908224e-06,1.5733916,0.06913799,1.5723956,0.0010180473,0.001993941,280.70088744163513
21500,501.25864,1.5723162,4.2159118e-06,1.5733728,0.06893715,1.5723033,0.00095939636,0.0020663852,282.02794575691223
21600,501.25864,1.5723264,4.1145036e-06,1.5733576,0.068744965,1.5722558,0.0009291172,0.002096265,283.2475998401642
21700,501.25864,1.572487,3.5059618e-06,1.5733657,0.068595745,1.5720408,0.00079226494,0.0023061966,284.6328127384186
21800,501.25864,1.5722629,4.2422053e-06,1.5733261,0.068365596,1.5722663,0.0009357929,0.0020560971,286.3267238140106
21900,501.25864,1.5722512,4.226455e-06,1.5733105,0.0681673,1.5722368,0.00091695786,0.0020696227,288.0993936061859
22000,501.25864,1.5723114,3.9455945e-06,1.5733002,0.06800545,1.5722138,0.0009022951,0.0020780317,289.96773409843445
22100,501.25864,1.5718848,5.876473e-06,1.5733576,0.067710415,1.5725813,0.001136303,0.0017715562,291.50776386260986
22200,501.25864,1.5721736,4.355548e-06,1.5732652,0.06762131,1.5722352,0.0009160042,0.00202801,292.745573759079
22300,501.25864,1.5721881,4.2410747e-06,1.5732511,0.06744861,1.5721923,0.00088870525,0.002055936,294.0577938556671
22400,501.25864,1.5721092,4.508857e-06,1.5732393,0.06725913,1.5722506,0.00092577934,0.0019875702,295.2629089355469
22500,501.25864,1.5721658,4.217381e-06,1.5732229,0.067107685,1.5721622,0.00086951256,0.0020577784,296.4178349971771
22600,501.25864,1.5721687,4.154119e-06,1.5732099,0.06693737,1.5721316,0.00085008144,0.002073844,297.5575535297394
22700,501.25864,1.5723597,3.46189e-06,1.5732273,0.06679969,1.5719922,0.0007612705,0.002203076,298.70896434783936
22800,501.25864,1.5721285,4.2081847e-06,1.5731832,0.066615224,1.5721194,0.00084221363,0.0020600278,299.80797719955444
22900,501.25864,1.5721216,4.184707e-06,1.5731704,0.06645267,1.572104,0.00083243847,0.0020628776,300.91792368888855
23000,501.25864,1.5717186,6.054153e-06,1.5732359,0.06623155,1.5725015,0.0010855198,0.0017247287,302.09265327453613
23100,501.25864,1.5720834,4.2376405e-06,1.5731454,0.06614796,1.5720901,0.000823617,0.002051457,303.3375651836395
23200,501.25864,1.5720979,4.1285493e-06,1.5731326,0.06599194,1.5720483,0.0007970333,0.0020805502,304.48779702186584
23300,501.25864,1.5719825,4.567089e-06,1.5731272,0.06579,1.5721803,0.00088107586,0.0019484869,305.7525727748871
23400,501.25864,1.5717309,5.7090624e-06,1.5731617,0.065637074,1.5723873,0.0010128021,0.0017659111,306.9015829563141
23500,501.25864,1.5719775,4.472608e-06,1.5730984,0.06552279,1.5721047,0.0008329153,0.0019918496,308.01038885116577
23600,501.25864,1.5720185,4.2531974e-06,1.5730845,0.06537503,1.5720365,0.0007895231,0.0020454903,309.21784114837646
23700,501.25864,1.5720149,4.2235497e-06,1.5730735,0.065242715,1.5720164,0.0007766485,0.0020534557,310.3757691383362
23800,501.25864,1.5720738,3.951623e-06,1.5730642,0.06512609,1.5719334,0.0007238388,0.002124996,311.5377094745636
23900,501.25864,1.5719963,4.2095166e-06,1.5730513,0.06496867,1.5719945,0.00076282024,0.0020529144,312.6677806377411
24000,501.25864,1.5718011,5.013906e-06,1.5730577,0.06477411,1.572259,0.00093114376,0.0018166552,313.7878911495209
24100,501.25864,1.5719662,4.240526e-06,1.5730289,0.064702444,1.5719762,0.00075113773,0.0020497618,314.9279627799988
24200,501.25864,1.5718989,4.480499e-06,1.5730219,0.06454693,1.572037,0.00078976154,0.001983429,316.1425087451935
24300,501.25864,1.5719571,4.19408e-06,1.5730083,0.06443841,1.5719435,0.0007302761,0.0020611072,317.31284618377686
24400,501.25864,1.5719275,4.2711913e-06,1.572998,0.06430921,1.5719562,0.00073838234,0.0020388719,318.55751514434814
24500,501.25864,1.5719044,4.3249293e-06,1.5729884,0.06418008,1.5719421,0.00072944164,0.0020422966,319.84252285957336
24600,501.25864,1.5718945,4.3218274e-06,1.5729777,0.064056695,1.5719537,0.0007367134,0.0020218734,320.9778892993927
24700,501.25864,1.5719242,4.1640415e-06,1.5729679,0.06393324,1.5719012,0.0007033348,0.0020627528,322.12364172935486
24800,501.25864,1.5718694,4.346184e-06,1.5729587,0.063794374,1.5719694,0.000746727,0.0019883327,323.1777858734131
24900,501.25864,1.57189,4.2213505e-06,1.572948,0.06368816,1.571896,0.00069999695,0.0020491818,324.3212857246399
25000,501.25864,1.5718882,4.191516e-06,1.5729387,0.06357446,1.571887,0.0006942749,0.0020484035,325.472793340683
25100,501.25864,1.5718799,4.187234e-06,1.5729293,0.0634419,1.5718683,0.000682354,0.0020572885,326.65775322914124
25200,501.25864,1.5718397,4.313793e-06,1.5729208,0.06330922,1.571892,0.00069749355,0.0020260424,327.94780564308167
25300,501.25864,1.5715271,5.774877e-06,1.5729744,0.063146055,1.572182,0.00088214874,0.0017772833,329.13773465156555
25400,501.25864,1.571853,4.1818644e-06,1.5729011,0.063091636,1.571838,0.0006631613,0.0020592106,330.34170937538147
25500,501.25864,1.5718255,4.256686e-06,1.5728923,0.06297792,1.5718514,0.00067162514,0.0020378558,331.4936456680298
25600,501.25864,1.5717859,4.3803916e-06,1.5728837,0.062866904,1.5718677,0.00068199635,0.0020128335,332.7320384979248
25700,501.25864,1.5718403,4.12868e-06,1.572875,0.062756926,1.5717968,0.00063693523,0.0020738419,333.9605107307434
25800,501.25864,1.5717582,4.424336e-06,1.572867,0.0626345,1.5718688,0.0006827116,0.001995752,335.09598326683044
25900,501.25864,1.5720255,3.415325e-06,1.5728815,0.06255454,1.5715681,0.0004912615,0.0022916659,336.2807021141052
26000,501.25864,1.5718966,3.8212124e-06,1.5728543,0.062436488,1.5716794,0.0005620718,0.0021664111,337.5677225589752
26100,501.25864,1.5717919,4.1822027e-06,1.5728401,0.062314596,1.5717782,0.0006250143,0.0020580995,338.8919892311096
26200,501.25864,1.5717824,4.1867843e-06,1.5728316,0.062201567,1.5717669,0.00061786175,0.0020613181,340.28636288642883
26300,501.25864,1.5718024,4.0782575e-06,1.5728245,0.062109318,1.5717347,0.00059735775,0.0020847467,341.5175700187683
26400,501.25864,1.571725,4.355781e-06,1.5728167,0.06198015,1.5717803,0.0006264448,0.0020322658,342.73037672042847
26500,501.25864,1.5718495,3.844157e-06,1.5728129,0.06191119,1.5716435,0.0005393028,0.002161838,343.88041257858276
26600,501.25864,1.5717404,4.2261413e-06,1.5727996,0.061787285,1.5717509,0.00060760975,0.0020451955,345.02762484550476
26700,501.25864,1.5717717,4.0716336e-06,1.5727922,0.061691087,1.571703,0.00057709217,0.0020849616,346.16756939888
26800,501.25864,1.5717922,3.964094e-06,1.5727857,0.061595432,1.5716715,0.000557065,0.0021083918,347.37790393829346
26900,501.25864,1.5717484,4.1019484e-06,1.5727764,0.061493594,1.5717018,0.0005763769,0.0020707098,348.5978879928589
27000,501.25864,1.5717026,4.2529496e-06,1.5727686,0.061388176,1.5717272,0.0005925894,0.0020388588,350.1129376888275
27100,501.25864,1.5716869,4.290123e-06,1.5727621,0.061292175,1.5717334,0.0005965233,0.002025491,351.40585803985596
27200,501.25864,1.5717688,3.941119e-06,1.5727565,0.06121097,1.5716234,0.00052654743,0.002126343,352.65196681022644
27300,501.25864,1.5716848,4.236188e-06,1.5727465,0.061106462,1.571702,0.0005764961,0.0020417084,353.84063363075256
27400,501.25864,1.5716758,4.2442266e-06,1.5727395,0.061005056,1.5716991,0.000574708,0.0020372223,355.04773783683777
27500,501.25864,1.571712,4.0731484e-06,1.5727329,0.060920164,1.5716467,0.0005413294,0.0020815753,356.26796984672546
27600,501.25864,1.5719105,3.3540487e-06,1.5727512,0.060855042,1.571415,0.00039374828,0.0023154789,357.5215814113617
27700,501.25864,1.5716691,4.1875724e-06,1.5727186,0.060741138,1.5716631,0.0005518198,0.0020520468,359.2553014755249
27800,501.25864,1.5716506,4.234276e-06,1.5727118,0.06065003,1.5716699,0.00055611134,0.0020386758,360.34760069847107
27900,501.25864,1.5716349,4.269223e-06,1.5727049,0.060566925,1.5716716,0.0005571842,0.0020304006,361.457914352417
28000,501.25864,1.5715623,4.546698e-06,1.5727018,0.060462456,1.5717306,0.00059473515,0.0019682832,362.63768219947815
28100,501.25864,1.5717574,3.7640498e-06,1.5727009,0.06041537,1.5715561,0.0004836321,0.0021340675,364.0377984046936
28200,501.25864,1.5716414,4.1618655e-06,1.5726845,0.060298968,1.5716274,0.0005290508,0.0020543218,365.6197307109833
28300,501.25864,1.5716428,4.1327216e-06,1.5726786,0.060216624,1.5716063,0.0005155802,0.0020684833,366.8490664958954
28400,501.25864,1.5715942,4.3022374e-06,1.5726725,0.060124934,1.5716527,0.0005451441,0.002017352,368.1529281139374
28500,501.25864,1.5716062,4.2265183e-06,1.5726655,0.06004312,1.571626,0.00052809715,0.0020366265,369.27798533439636
28600,501.25864,1.5715748,4.329264e-06,1.5726599,0.05995572,1.5716437,0.00053942204,0.0020133066,370.59951519966125
28700,501.25864,1.5715741,4.305595e-06,1.5726532,0.05987491,1.5716249,0.0005275011,0.0020254755,371.9176199436188
28800,501.25864,1.5715512,4.3774103e-06,1.5726483,0.059776038,1.5716012,0.0005123615,0.002041969,373.3200054168701
28900,501.25864,1.5715783,4.236712e-06,1.5726401,0.059715778,1.5716,0.00051152706,0.0020375517,374.7107152938843
29000,501.25864,1.5715883,4.173941e-06,1.5726343,0.059639975,1.5715779,0.0004975796,0.0020528531,376.11377000808716
29100,501.25864,1.5715828,4.171666e-06,1.5726284,0.05956072,1.5715697,0.00049233437,0.002055221,377.49635219573975
29200,501.25864,1.5715643,4.2202696e-06,1.5726221,0.059481367,1.5715789,0.0004981756,0.002039616,379.0358476638794
29300,501.25864,1.5715438,4.281472e-06,1.5726168,0.059399437,1.571586,0.0005027056,0.0020273377,380.30608582496643
29400,501.25864,1.5715609,4.1902013e-06,1.5726111,0.059327297,1.5715609,0.00048673153,0.002046865,381.6576154232025
29500,501.25864,1.5715598,4.168279e-06,1.5726045,0.059245154,1.5715567,0.00048398972,0.0020451646,382.9677302837372
29600,501.25864,1.5715338,4.2533775e-06,1.5725998,0.05915436,1.5715404,0.0004736185,0.0020558024,384.27795481681824
29700,501.25864,1.5714722,4.483801e-06,1.572596,0.05908882,1.5716254,0.0005277395,0.0019689815,385.6820890903473
29800,501.25864,1.5715393,4.1823846e-06,1.5725875,0.059027985,1.5715346,0.00047004223,0.0020495607,386.9011857509613
29900,501.25864,1.5715396,4.1600742e-06,1.5725822,0.058950905,1.5715233,0.00046277046,0.0020553756,387.9789032936096
30000,501.25864,1.5714949,4.31908e-06,1.5725775,0.058870032,1.5715595,0.00048589706,0.0020156258,389.12757754325867
30100,501.25864,1.5715078,4.2423417e-06,1.572571,0.058804248,1.5715208,0.00046122074,0.0020473485,390.26775646209717
30200,501.25864,1.5714426,4.4931853e-06,1.5725688,0.058727242,1.5715929,0.0005071163,0.0019724013,391.40764689445496
30300,501.25864,1.571458,4.407356e-06,1.5725626,0.058648076,1.5715586,0.00048530102,0.0020009677,392.56759881973267
30400,501.25864,1.5714942,4.2334086e-06,1.5725552,0.0585977,1.571512,0.0004556179,0.0020399077,393.864492893219
30500,501.25864,1.5715089,4.1521666e-06,1.5725496,0.05852075,1.5714962,0.00044560432,0.0020502442,395.1506595611572
30600,501.25864,1.5715168,4.101136e-06,1.5725446,0.058448274,1.5714734,0.00043094158,0.002066799,396.55519795417786
30700,501.25864,1.571486,4.2025645e-06,1.5725393,0.058390323,1.5714971,0.00044608116,0.0020386027,397.8242712020874
30800,501.25864,1.5714982,4.1352614e-06,1.5725346,0.058325037,1.5714713,0.0004297495,0.0020599358,398.95103883743286
30900,501.25864,1.5714753,4.204747e-06,1.5725291,0.058254406,1.571487,0.00043964386,0.0020380532,400.13275361061096
31000,501.25864,1.5715011,4.0823925e-06,1.5725243,0.05818442,1.571448,0.00041484833,0.002072434,401.2479565143585
31100,501.25864,1.5714946,4.0874806e-06,1.5725191,0.058114987,1.5714456,0.0004132986,0.0020694907,402.33111023902893
31200,501.25864,1.5714736,4.15177e-06,1.5725142,0.05805492,1.5714579,0.00042116642,0.0020528338,403.4327437877655
31300,501.25864,1.5714803,4.1082717e-06,1.5725099,0.05799836,1.5714109,0.0003912449,0.0020950395,404.5705976486206
31400,501.25864,1.5714495,4.209163e-06,1.5725044,0.057922862,1.5714654,0.0004259348,0.0020359887,405.65756940841675
31500,501.25864,1.5714489,4.192236e-06,1.5724996,0.057857834,1.5714544,0.00041890144,0.0020422505,406.80347776412964
31600,501.25864,1.5714613,4.1215458e-06,1.5724943,0.05779583,1.5714269,0.00040137768,0.0020640064,407.90567421913147
31700,501.25864,1.5714424,4.1794738e-06,1.5724899,0.05773171,1.5714402,0.00040984154,0.0020466142,409.6404764652252
31800,501.25864,1.571449,4.133206e-06,1.572485,0.0576708,1.5714277,0.00040197372,0.0020539046,410.91265773773193
31900,501.25864,1.5714165,4.24555e-06,1.5724806,0.057607092,1.5714481,0.00041484833,0.0020298897,412.1231863498688
32000,501.25864,1.571397,4.3051773e-06,1.5724759,0.05755033,1.5714607,0.00042295456,0.002012836,413.3493616580963
32100,501.25864,1.5714304,4.1532603e-06,1.5724714,0.05747484,1.5714293,0.0004029274,0.0020389557,414.4659266471863
32200,501.25864,1.5715319,3.7594687e-06,1.5724741,0.057442583,1.571301,0.00032126904,0.0021637792,415.6076817512512
32300,501.25864,1.5713569,4.4193143e-06,1.5724645,0.057347283,1.5714798,0.0004351139,0.0019828035,416.7979395389557
32400,501.25864,1.571398,4.225792e-06,1.5724571,0.057306185,1.5714216,0.00039803982,0.0020329203,418.11571502685547
32500,501.25864,1.5714092,4.163241e-06,1.5724527,0.057249263,1.5713989,0.00038349628,0.0020505511,419.34194111824036
32600,501.25864,1.5715172,3.7443112e-06,1.5724556,0.057204094,1.5712813,0.00030875206,0.0021645704,420.59794878959656
32700,501.25864,1.5713888,4.208347e-06,1.5724436,0.057126466,1.5714034,0.00038647652,0.0020374525,421.71017146110535
32800,501.25864,1.5714029,4.1358653e-06,1.5724394,0.05707189,1.5713849,0.0003746748,0.002051204,423.0775668621063
32900,501.25864,1.5714066,4.104164e-06,1.5724353,0.05701306,1.5713674,0.00036346912,0.0020643584,424.3776664733887
33000,501.25864,1.5713795,4.194133e-06,1.5724307,0.05695659,1.5713851,0.000374794,0.0020423385,425.6203896999359
33100,501.25864,1.5713637,4.2431802e-06,1.5724272,0.056904353,1.5714008,0.0003848076,0.0020232068,426.7279725074768
33200,501.25864,1.571348,4.2868924e-06,1.5724224,0.05684643,1.5713974,0.00038266182,0.0020229337,427.8424880504608
33300,501.25864,1.5712787,4.560858e-06,1.5724218,0.056781676,1.5714623,0.00042390823,0.0019566116,428.9306445121765
33400,501.25864,1.5714312,3.9292845e-06,1.572416,0.056741603,1.571309,0.00032627583,0.0021011794,430.02253794670105
33500,501.25864,1.571344,4.2532524e-06,1.57241,0.056671035,1.5713944,0.00038075447,0.0020133771,431.16805696487427
33600,501.25864,1.5713426,4.2411843e-06,1.5724056,0.056621797,1.571361,0.000359416,0.0020412037,432.2656569480896
33700,501.25864,1.5713348,4.254409e-06,1.5724012,0.056570392,1.571344,0.00034868717,0.0020539453,433.5052914619446
33800,501.25864,1.5713663,4.1131125e-06,1.5723972,0.056520905,1.5713359,0.00034344196,0.0020582103,434.5777733325958
33900,501.25864,1.571247,4.589683e-06,1.5723972,0.056456413,1.5714449,0.00041282177,0.0019492506,435.70799374580383
34000,501.25864,1.5712351,4.63451e-06,1.5723966,0.056388233,1.5714419,0.00041091442,0.0019498919,436.8027079105377
34100,501.25864,1.57135,4.129226e-06,1.5723848,0.056356907,1.5713218,0.00033450127,0.0020597721,437.8979489803314
34200,501.25864,1.5713593,4.0774507e-06,1.5723813,0.056312352,1.5713077,0.00032544136,0.002069801,438.9777011871338
34300,501.25864,1.5713077,4.26864e-06,1.5723776,0.05624348,1.5713595,0.00035846233,0.002015372,440.090398311615
34400,501.25864,1.571438,3.7538273e-06,1.5723788,0.056202892,1.5712397,0.0002822876,0.0021295922,441.18074440956116
34500,501.25864,1.5713247,4.165351e-06,1.5723686,0.056145635,1.5713183,0.0003322363,0.0020478112,442.300794839859
34600,501.25864,1.5713122,4.200708e-06,1.572365,0.056108173,1.571323,0.00033533573,0.0020388463,443.52640867233276
34700,501.25864,1.5713216,4.150184e-06,1.5723617,0.056051385,1.5713118,0.00032818317,0.0020463567,444.78420972824097
34800,501.25864,1.5712991,4.2225274e-06,1.5723574,0.05600391,1.5713226,0.0003349781,0.0020318613,445.8477613925934
34900,501.25864,1.5712966,4.2181255e-06,1.5723537,0.05595048,1.5713143,0.0003297329,0.0020363838,446.96275568008423
35000,501.25864,1.5712996,4.188529e-06,1.5723493,0.055905502,1.5713055,0.00032413006,0.0020412568,448.10804629325867
35100,501.25864,1.5713577,3.9502065e-06,1.5723478,0.05586634,1.5712388,0.00028157234,0.0021040183,449.1992521286011
35200,501.25864,1.5712664,4.2943284e-06,1.5723428,0.055803508,1.5713209,0.00033390522,0.002018704,450.3129315376282
35300,501.25864,1.5712984,4.149715e-06,1.5723383,0.055755127,1.5712886,0.00031340122,0.0020461578,451.4165849685669
35400,501.25864,1.5712765,4.221329e-06,1.5723345,0.05571544,1.5713005,0.0003209114,0.0020315628,452.7111463546753
35500,501.25864,1.5712831,4.1817166e-06,1.5723312,0.055664945,1.5712894,0.00031387806,0.0020379743,453.9911687374115
35600,501.25864,1.571298,4.10744e-06,1.5723275,0.055620976,1.5712553,0.00029218197,0.0020681894,455.29764556884766
35700,501.25864,1.5712467,4.2979173e-06,1.5723239,0.05556317,1.5713114,0.00032782555,0.0020105157,456.4221534729004
35800,501.25864,1.5712751,4.1677995e-06,1.5723197,0.055525135,1.5712677,0.00030004978,0.0020488063,457.7327358722687
35900,501.25864,1.571259,4.220216e-06,1.5723168,0.05546992,1.5712863,0.0003119707,0.0020269305,459.14773178100586
36000,501.25864,1.5712531,4.22852e-06,1.5723128,0.055426005,1.571282,0.0003092289,0.0020279104,460.64247131347656
36100,501.25864,1.571255,4.206244e-06,1.5723091,0.055390775,1.5712724,0.00030303,0.0020337545,462.0377197265625
36200,501.25864,1.5712378,4.2593565e-06,1.5723053,0.055338267,1.5712737,0.00030386448,0.0020289915,463.3176336288452
36300,501.25864,1.57113,4.7051167e-06,1.5723093,0.05529042,1.5713303,0.00033986568,0.0019715636,464.6535840034485
36400,501.25864,1.5712488,4.188619e-06,1.5722985,0.055253647,1.5712545,0.00029170513,0.002040964,465.9477798938751
36500,501.25864,1.5712403,4.2070974e-06,1.5722947,0.055210106,1.5712594,0.00029480457,0.0020324795,467.13803935050964
36600,501.25864,1.571272,4.0679993e-06,1.5722916,0.055164658,1.5712197,0.0002695322,0.0020682677,468.3828239440918
36700,501.25864,1.5712265,4.2324523e-06,1.5722872,0.055116743,1.5712569,0.00029313564,0.0020282755,469.48011112213135
36800,501.25864,1.5712272,4.215055e-06,1.5722836,0.055082384,1.5712489,0.00028812885,0.002032466,470.60277128219604
36900,501.25864,1.5712354,4.1719354e-06,1.572281,0.05503995,1.5712368,0.00028038025,0.0020412577,471.7877187728882
37000,501.25864,1.5712104,4.2573633e-06,1.5722774,0.05499322,1.5712502,0.00028896332,0.0020244657,473.0977113246918
37100,501.25864,1.5712193,4.206924e-06,1.5722737,0.054955136,1.5712374,0.00028073788,0.002033266,474.24262380599976
37200,501.25864,1.5712259,4.166928e-06,1.5722703,0.054912683,1.5712221,0.00027096272,0.0020453867,475.36781191825867
37300,501.25864,1.571219,4.180682e-06,1.5722668,0.054869354,1.5712235,0.0002719164,0.0020405161,476.56079936027527
37400,501.25864,1.5712423,4.074632e-06,1.5722636,0.0548336,1.571192,0.00025188923,0.0020682532,477.70056557655334
37500,501.25864,1.5711925,4.2616152e-06,1.5722606,0.054784965,1.5712384,0.00028145313,0.0020189784,478.8809595108032
37600,501.25864,1.5712062,4.191038e-06,1.5722566,0.054743048,1.5712138,0.0002657175,0.0020398628,480.12208104133606
37700,501.25864,1.5711828,4.2733864e-06,1.572254,0.05470402,1.5712335,0.00027823448,0.00201745,481.23282170295715
37800,501.25864,1.5712228,4.0979876e-06,1.5722499,0.054664098,1.571186,0.00024795532,0.002059656,482.4926927089691
37900,501.25864,1.5712068,4.1499306e-06,1.5722469,0.05462458,1.5711999,0.00025689602,0.0020434076,483.6156716346741
38000,501.25864,1.5712246,4.0639025e-06,1.5722431,0.054589383,1.5711675,0.00023627281,0.0020722572,484.7130835056305
38100,501.25864,1.5712026,4.139103e-06,1.57224,0.05454423,1.5711904,0.00025081635,0.0020458552,485.82783007621765
38200,501.25864,1.5711974,4.1447315e-06,1.5722362,0.054509897,1.5711884,0.00024962425,0.002045352,486.9880836009979
38300,501.25864,1.5711836,4.1891617e-06,1.5722334,0.05446098,1.571196,0.00025439262,0.002034448,488.1594617366791
38400,501.25864,1.5712459,3.934201e-06,1.5722319,0.05443784,1.5711201,0.00020611286,0.0021062554,489.33187675476074
38500,501.25864,1.5711994,4.100067e-06,1.572227,0.05439155,1.5711682,0.00023674965,0.0020556955,490.50785851478577
38600,501.25864,1.5711533,4.272528e-06,1.5722241,0.05434907,1.5711999,0.00025689602,0.0020210643,491.7648215293884
38700,501.25864,1.5711806,4.150162e-06,1.5722207,0.05431457,1.571173,0.00023972988,0.0020440815,493.2128372192383
38800,501.25864,1.5711687,4.1822273e-06,1.5722169,0.054275643,1.5711755,0.0002412796,0.0020386067,494.42278480529785
38900,501.25864,1.5711644,4.186715e-06,1.5722136,0.05423898,1.5711728,0.00023961067,0.0020382232,495.6679377555847
39000,501.25864,1.5711808,4.1091303e-06,1.5722107,0.054203544,1.5711523,0.00022661686,0.0020549768,496.85498666763306
39100,501.25864,1.5711563,4.1938765e-06,1.5722073,0.054158058,1.5711755,0.0002412796,0.0020285547,498.0030314922333
39200,501.25864,1.5711803,4.085577e-06,1.5722044,0.054124564,1.5711391,0.000218153,0.0020617517,499.2479314804077
39300,501.25864,1.5711672,4.126296e-06,1.5722014,0.054092392,1.5711435,0.00022101402,0.002053783,500.54650497436523
39400,501.25864,1.5711629,4.1299504e-06,1.572198,0.054051854,1.571149,0.00022447109,0.0020456875,501.66773080825806
39500,501.25864,1.5711201,4.2912466e-06,1.5721956,0.05400567,1.571178,0.00024294853,0.0020154186,502.837806224823
39600,501.25864,1.5711403,4.195264e-06,1.5721917,0.053973902,1.5711522,0.00022649765,0.0020363,504.0786466598511
39700,501.25864,1.571129,4.227744e-06,1.5721886,0.053937465,1.5711591,0.0002309084,0.0020266979,505.2277331352234
39800,501.25864,1.5711626,4.082403e-06,1.5721858,0.05391311,1.571115,0.00020289421,0.0020669275,506.46778655052185
39900,501.25864,1.5711237,4.224894e-06,1.5721827,0.05386366,1.571152,0.00022637844,0.002027664,507.59439873695374
40000,501.25864,1.571135,4.1662156e-06,1.5721792,0.053835932,1.5711362,0.00021636486,0.0020406717,508.7297201156616
40100,501.25864,1.5711353,4.1535354e-06,1.5721763,0.053804036,1.5711341,0.00021505356,0.0020392754,509.8326151371002
40200,501.25864,1.5711188,4.2072747e-06,1.5721734,0.053771377,1.5711368,0.00021672249,0.0020335016,511.04140424728394
40300,501.25864,1.5710961,4.2880934e-06,1.5721707,0.053726565,1.5711532,0.0002270937,0.002014709,512.218578338623
40400,501.25864,1.5711454,4.0798086e-06,1.572168,0.05369972,1.5711002,0.00019347668,0.0020639838,513.3876807689667
40500,501.25864,1.5710883,4.2966476e-06,1.5721651,0.053661056,1.5711557,0.00022876263,0.002006769,514.7194287776947
40600,501.25864,1.5711073,4.2073534e-06,1.5721618,0.05363035,1.5711297,0.00021219254,0.0020287377,515.9088673591614
40700,501.25864,1.571104,4.207784e-06,1.5721587,0.05360028,1.5711269,0.0002104044,0.0020287228,517.1576385498047
40800,501.25864,1.571079,4.2954016e-06,1.5721556,0.053562887,1.5711426,0.00022041798,0.0020105506,518.2609815597534
40900,501.25864,1.571106,4.1765443e-06,1.5721527,0.053531203,1.5711144,0.00020253658,0.0020354292,519.41277384758
41000,501.25864,1.57111,4.14868e-06,1.5721498,0.05349806,1.5711006,0.0001937151,0.002045895,520.6281027793884
41100,501.25864,1.5711128,4.1274398e-06,1.5721473,0.05346864,1.5710984,0.00019228458,0.0020450093,521.8303318023682
41200,501.25864,1.5711253,4.063537e-06,1.5721437,0.053437125,1.5710635,0.00017011166,0.0020764195,523.1494455337524
41300,501.25864,1.5710866,4.2073534e-06,1.5721412,0.053401425,1.57111,0.00019967556,0.0020277912,524.3492856025696
41400,501.25864,1.5710995,4.144568e-06,1.5721383,0.05337067,1.5710888,0.00018620491,0.002046356,525.4689621925354
41500,501.25864,1.5710795,4.212158e-06,1.5721352,0.053337246,1.5711035,0.00019550323,0.0020284604,526.6929051876068
41600,501.25864,1.5710797,4.2001902e-06,1.5721325,0.053306676,1.5711007,0.0001937151,0.002028363,527.8118240833282
41700,501.25864,1.5711161,4.0451628e-06,1.57213,0.053282168,1.5710524,0.0001629591,0.0020739625,528.9692432880402
41800,501.25864,1.571094,4.1200483e-06,1.5721266,0.053244304,1.5710751,0.00017738342,0.0020478743,530.2190928459167
41900,501.25864,1.5710777,4.1744893e-06,1.572124,0.05321341,1.5710814,0.00018143654,0.002039657,531.3728475570679
42000,501.25864,1.5710659,4.2096804e-06,1.572121,0.053176872,1.5710864,0.00018465519,0.0020321854,532.6025390625
42100,501.25864,1.5710717,4.1744747e-06,1.572118,0.053150456,1.571076,0.00017809868,0.0020392442,533.749680519104
42200,501.25864,1.571068,4.1806757e-06,1.5721159,0.05312159,1.5710768,0.0001784563,0.0020353217,534.9619314670563
42300,501.25864,1.5710605,4.1979292e-06,1.5721127,0.05309116,1.571076,0.00017809868,0.0020343594,536.3126668930054
42400,501.25864,1.5710613,4.1829558e-06,1.5721096,0.05306202,1.5710683,0.00017309189,0.0020384323,537.467859506607
42500,501.25864,1.5710491,4.2208585e-06,1.572107,0.053029463,1.5710785,0.0001796484,0.0020258736,538.6526830196381
42600,501.25864,1.5710728,4.1158473e-06,1.5721043,0.053003695,1.5710541,0.00016403198,0.0020472126,539.7806510925293
42700,501.25864,1.5710675,4.126503e-06,1.5721017,0.052972537,1.5710484,0.0001604557,0.0020504503,540.9536118507385
42800,501.25864,1.5710653,4.126757e-06,1.5720996,0.052941084,1.5710515,0.00016236305,0.0020443345,542.0845808982849
42900,501.25864,1.5710375,4.2258425e-06,1.5720967,0.0529128,1.571067,0.00017225742,0.0020262676,543.1376757621765
43000,501.25864,1.5710508,4.16072e-06,1.5720936,0.052883472,1.571049,0.00016081333,0.002041303,544.2777850627899
43100,501.25864,1.5710407,4.192083e-06,1.5720915,0.052855153,1.571057,0.00016593933,0.0020315547,545.3776507377625
43200,501.25864,1.5710464,4.155723e-06,1.5720879,0.052823633,1.571041,0.00015568733,0.0020440104,546.4529845714569
43300,501.25864,1.5710366,4.188263e-06,1.5720863,0.05280146,1.5710512,0.00016224384,0.002031782,547.5707433223724
43400,501.25864,1.5710273,4.2143074e-06,1.5720835,0.052769255,1.5710549,0.00016462803,0.0020256552,548.6530203819275
43500,501.25864,1.5710459,4.1311378e-06,1.5720812,0.052745994,1.5710297,0.00014853477,0.0020478428,549.7931125164032
43600,501.25864,1.571018,4.2296892e-06,1.5720781,0.05271423,1.5710526,0.00016307831,0.0020238992,550.8978319168091
43700,501.25864,1.5710354,4.1517746e-06,1.572076,0.052689485,1.5710361,0.00015258789,0.00203688,552.0362913608551
43800,501.25864,1.5710413,4.1187964e-06,1.5720736,0.052660737,1.5710195,0.00014209747,0.0020507409,553.1639225482941
43900,501.25864,1.5710318,4.143556e-06,1.5720704,0.052634556,1.5710224,0.00014388561,0.0020455974,554.2677340507507
44000,501.25864,1.571036,4.118748e-06,1.5720682,0.052608024,1.5710176,0.00014090538,0.0020470305,555.4826543331146
44100,501.25864,1.5710193,4.1751696e-06,1.5720657,0.052581396,1.5710269,0.00014674664,0.0020357121,556.8179979324341
44200,501.25864,1.571006,4.218196e-06,1.5720631,0.052555256,1.5710348,0.00015175343,0.0020253912,558.0730612277985
44300,501.25864,1.5710142,4.177247e-06,1.5720611,0.052530315,1.5710218,0.00014352798,0.002036204,559.187760591507
44400,501.25864,1.5710225,4.1337557e-06,1.5720586,0.052505143,1.5710078,0.00013458729,0.0020471695,560.2677252292633
44500,501.25864,1.5710154,4.1514813e-06,1.5720558,0.052478045,1.5710096,0.00013577938,0.002043195,561.3979179859161
44600,501.25864,1.5710328,4.0756627e-06,1.5720543,0.052454095,1.5709912,0.00012397766,0.0020587195,562.5430979728699
44700,501.25864,1.5710052,4.1724234e-06,1.5720509,0.052427188,1.571009,0.00013542175,0.0020389822,563.6704931259155
44800,501.25864,1.5709888,4.2295574e-06,1.5720488,0.052401055,1.5710188,0.00014162064,0.0020273665,564.7800014019012
44900,501.25864,1.5710263,4.070553e-06,1.5720465,0.052380893,1.5709753,0.00011396408,0.0020681792,565.8480072021484
45000,501.25864,1.5710018,4.1590542e-06,1.5720441,0.052353464,1.571003,0.00013148785,0.0020380956,566.9391713142395
45100,501.25864,1.571004,4.1418393e-06,1.5720421,0.052325852,1.5709951,0.00012648106,0.0020432,568.0772633552551
45200,501.25864,1.5709945,4.1696544e-06,1.5720395,0.0523021,1.570998,0.0001283884,0.0020386134,569.2005331516266
45300,501.25864,1.5709922,4.171718e-06,1.5720378,0.052281052,1.5709995,0.00012934208,0.002034895,570.2912781238556
45400,501.25864,1.5709902,4.1682833e-06,1.572035,0.052255716,1.5709933,0.00012540817,0.0020386889,571.5651745796204
45500,501.25864,1.5710051,4.1002295e-06,1.5720327,0.05223307,1.5709777,0.00011539459,0.0020514294,573.0346047878265
45600,501.25864,1.5709699,4.2328184e-06,1.5720308,0.05220533,1.5710088,0.00013518333,0.0020193108,574.2406516075134
45700,501.25864,1.570972,4.213922e-06,1.572028,0.052184142,1.5709968,0.00012755394,0.0020287074,575.4579956531525
45800,501.25864,1.5709912,4.1285766e-06,1.5720259,0.05216212,1.5709755,0.00011408329,0.0020474533,576.5927810668945
45900,501.25864,1.5709865,4.138743e-06,1.5720237,0.052137807,1.5709796,0.000116586685,0.0020412174,577.8178818225861
46000,501.25864,1.5709686,4.201068e-06,1.5720215,0.052112572,1.5709852,0.000120162964,0.0020333405,578.968067407608
46100,501.25864,1.5709769,4.1589906e-06,1.5720192,0.05209099,1.5709758,0.0001142025,0.0020407198,580.1330533027649
46200,501.25864,1.5709635,4.2035094e-06,1.5720171,0.052068498,1.5709894,0.00012290478,0.002024771,581.3076784610748
46300,501.25864,1.5709574,4.2211122e-06,1.5720154,0.052042946,1.570992,0.00012457371,0.0020209022,582.5780866146088
46400,501.25864,1.5709566,4.2139795e-06,1.5720128,0.052020706,1.5709857,0.00012052059,0.00202409,583.7478115558624
46500,501.25864,1.5709629,4.1813832e-06,1.5720109,0.051999025,1.5709741,0.000113129616,0.0020332849,584.9737432003021
46600,501.25864,1.5709496,4.225724e-06,1.5720086,0.051974773,1.5709872,0.000121474266,0.002018736,586.6901106834412
46700,501.25864,1.5709496,4.21722e-06,1.5720065,0.05195524,1.57098,0.000116825104,0.0020235896,588.0380170345306
46800,501.25864,1.5709789,4.090896e-06,1.5720042,0.05193451,1.570946,9.524822e-05,0.0020548936,589.1878683567047
46900,501.25864,1.5709517,4.190182e-06,1.5720019,0.05191263,1.5709699,0.00011050701,0.0020294872,590.3568599224091
47000,501.25864,1.5709348,4.250709e-06,1.5720001,0.051887542,1.570972,0.00011181831,0.0020251013,591.6403524875641
47100,501.25864,1.5709559,4.159035e-06,1.5719982,0.05186964,1.5709561,0.000101685524,0.0020387694,592.8230404853821
47200,501.25864,1.5709538,4.1569797e-06,1.5719957,0.051847313,1.5709527,9.953976e-05,0.0020399077,593.9428131580353
47300,501.25864,1.5709558,4.1418903e-06,1.5719938,0.05182651,1.5709491,9.727478e-05,0.0020410877,595.1527516841888
47400,501.25864,1.5709496,4.155397e-06,1.571991,0.051801786,1.5709466,9.560585e-05,0.0020419406,596.2830514907837
47500,501.25864,1.5709587,4.1125113e-06,1.5719894,0.05178403,1.5709393,9.095669e-05,0.002046696,597.5490157604218
47600,501.25864,1.5709473,4.1497447e-06,1.5719874,0.05176303,1.5709422,9.286404e-05,0.0020430693,598.6871063709259
47700,501.25864,1.5709572,4.1036224e-06,1.5719857,0.051742658,1.570932,8.6307526e-05,0.002050411,599.9187607765198
47800,501.25864,1.5709504,4.123321e-06,1.5719838,0.051724125,1.5709394,9.10759e-05,0.002041048,601.0730683803558
47900,501.25864,1.5709388,4.1576354e-06,1.5719808,0.051702373,1.5709363,8.904934e-05,0.00204231,602.2309830188751
48000,501.25864,1.5709357,4.1650383e-06,1.5719796,0.05168405,1.5709395,9.119511e-05,0.0020379268,603.4050006866455
48100,501.25864,1.5709454,4.1191483e-06,1.5719777,0.05166273,1.5709275,8.34465e-05,0.002046997,604.6077461242676
48200,501.25864,1.5709372,4.144975e-06,1.5719761,0.051642876,1.5709283,8.404255e-05,0.0020446717,605.7678484916687
48300,501.25864,1.57091,4.247158e-06,1.5719744,0.05162002,1.5709538,0.00010025501,0.0020182433,607.0128235816956
48400,501.25864,1.5709387,4.1237145e-06,1.5719723,0.05160312,1.5709258,8.237362e-05,0.0020434917,608.3100895881653
48500,501.25864,1.5709201,4.189518e-06,1.5719701,0.051581565,1.5709372,8.9645386e-05,0.0020305496,609.5277452468872
48600,501.25864,1.5709248,4.1620824e-06,1.5719678,0.051563732,1.5709298,8.4877014e-05,0.0020356113,610.657657623291
48700,501.25864,1.5709223,4.165358e-06,1.5719662,0.051543158,1.5709274,8.34465e-05,0.0020355727,611.7688930034637
48800,501.25864,1.5709205,4.165713e-06,1.5719645,0.051521264,1.5709258,8.237362e-05,0.0020361017,612.898045539856
48900,501.25864,1.5709232,4.1478593e-06,1.5719628,0.05150427,1.5709181,7.748604e-05,0.0020415527,614.0256133079529
49000,501.25864,1.5709193,4.1548806e-06,1.5719606,0.05148455,1.5709192,7.8201294e-05,0.0020381839,615.2281000614166
49100,501.25864,1.5709324,4.097044e-06,1.5719593,0.05146677,1.5709014,6.687641e-05,0.0020538454,616.4265611171722
49200,501.25864,1.5709184,4.143091e-06,1.5719569,0.051449206,1.5709084,7.1287155e-05,0.0020457343,617.6543753147125
49300,501.25864,1.570926,4.1068793e-06,1.5719552,0.051429536,1.5709049,6.902218e-05,0.0020477956,618.8447117805481
49400,501.25864,1.5709149,4.1424337e-06,1.571953,0.051409457,1.5709044,6.878376e-05,0.0020460186,619.9686484336853
49500,501.25864,1.5709143,4.138071e-06,1.5719514,0.051390726,1.570902,6.723404e-05,0.002046862,621.168053150177
49600,501.25864,1.5709137,4.134956e-06,1.57195,0.05137105,1.570905,6.914139e-05,0.0020425315,622.5129222869873
49700,501.25864,1.570916,4.1177223e-06,1.571948,0.05135728,1.5708923,6.1035156e-05,0.002052415,623.7878942489624
49800,501.25864,1.5709004,4.1737844e-06,1.5719465,0.051337272,1.5709106,7.271767e-05,0.0020338108,625.0577964782715
49900,501.25864,1.5708964,4.18482e-06,1.5719452,0.051318884,1.5709106,7.271767e-05,0.0020312986,626.2408118247986
50000,501.25864,1.5709044,4.1441085e-06,1.571943,0.05130326,1.5709016,6.699562e-05,0.0020385587,627.4280240535736
