iteration,beta,loss_a,loss_b,loss_m,loss,loss_mul,L2-error,objective,objective-error,constraint-error,runtime
0,100.0,0.00015814806,3.0159938,-0.1118911,150.68796,30148.65,1.7256463,0.00015614835,-0.99989593,1.7220134,4.746804714202881
100,105.101,0.00017014622,2.9718165,0.0642718,156.23488,32823.582,1.724737,0.00017122224,-0.99988586,1.720552,7.552192211151123
200,110.4622,0.00020415963,2.974243,0.20819485,164.4791,36277.574,1.7235034,0.0001960966,-0.9998693,1.7185762,8.843904733657837
300,116.09688,0.00022076303,2.933734,0.40614912,170.70503,39537.195,1.7224015,0.00022263137,-0.9998516,1.7168251,10.125500679016113
400,122.018974,0.00026691097,2.9146917,0.5870033,178.41112,43376.312,1.7208626,0.00026718655,-0.9998219,1.71441,11.41767406463623
500,128.24316,0.0003242073,2.888346,0.8411427,186.04677,47495.14,1.7194462,0.00031608634,-0.9997893,1.7122109,12.726839542388916
600,134.78485,0.0003907003,2.9110355,1.116949,197.29909,52854.35,1.7174741,0.00039194716,-0.9997387,1.7091966,14.03280758857727
700,141.66023,0.0004978255,2.9334073,1.5270746,209.30115,58854.04,1.7156547,0.00047389526,-0.9996841,1.7064667,15.324861288070679
800,148.8863,0.0005824979,2.8835893,1.9087843,216.57285,63872.97,1.713146,0.00060501863,-0.99959666,1.7027704,16.67031764984131
900,156.481,0.0007337557,2.838122,2.3919053,224.44872,69476.63,1.7108378,0.0007463197,-0.9995025,1.6994357,18.0523579120636
1000,164.4631,0.0009614477,2.8706126,3.0362232,239.09212,77569.44,1.7076874,0.0009825857,-0.99934494,1.6949733,19.400628566741943
1100,172.85236,0.0012777167,2.82549,3.7825665,247.98015,84391.44,1.7047895,0.0012380043,-0.99917465,1.6909391,20.703776597976685
1200,181.66954,0.001662419,2.816408,4.545374,260.3748,92842.29,1.7007684,0.0016653069,-0.9988898,1.6854626,22.011181592941284
1300,190.9365,0.0021745863,2.7525094,5.4973783,268.2768,100306.8,1.6970689,0.002145744,-0.9985695,1.6805025,23.36937379837036
1400,200.67616,0.0030010298,2.7406228,6.464147,281.45596,110215.625,1.6918789,0.0029715968,-0.9980189,1.673682,24.711212396621704
1500,210.91264,0.0040959762,2.7227738,7.743391,294.88116,121065.19,1.6871792,0.003928593,-0.9973809,1.6676289,26.06552219390869
1600,221.67131,0.0056130476,2.6688735,8.811036,304.623,130945.0,1.680732,0.005663171,-0.9962246,1.6595756,27.421541452407837
1700,232.97874,0.007829558,2.6490452,10.2360525,318.8295,143718.3,1.6747991,0.0077637853,-0.9948242,1.6524897,28.75191831588745
1800,244.86299,0.012034478,2.5754268,11.243939,326.5693,154177.62,1.6666319,0.011844521,-0.99210364,1.6435055,30.07493257522583
1900,257.35345,0.018682448,2.5559008,12.702386,341.60602,169197.14,1.6596541,0.017019311,-0.9886538,1.6370214,31.352067470550537
2000,270.48108,0.02488823,2.442951,13.468733,343.87964,178445.64,1.6509126,0.027499355,-0.9816671,1.6319363,32.67734694480896
2100,284.27832,0.043165635,2.3944669,14.618269,355.0089,193409.42,1.6447767,0.042098057,-0.9719346,1.6341307,34.16308403015137
2200,298.7794,0.074971184,2.2366135,15.030132,349.23212,199307.12,1.6414614,0.07487958,-0.9500803,1.6555047,35.64378046989441
2300,314.02014,0.12503225,2.1267755,15.697227,349.74744,209584.55,1.6475112,0.1232274,-0.9178484,1.7037019,37.17848062515259
2400,330.0383,0.21986344,1.93839,15.671797,335.7631,210649.89,1.6802253,0.2382534,-0.8411644,1.8402702,38.74441599845886
2500,346.87357,0.39458862,1.7348888,15.35604,316.64417,208586.06,1.7439396,0.40811476,-0.7279235,2.0453353,40.374436140060425
2600,364.5676,0.6559727,1.624609,15.138547,311.93442,215448.42,1.8841656,0.7479561,-0.50136256,2.4169726,42.020402908325195
2700,383.16418,1.1333468,1.4376696,14.218219,290.78336,210939.88,2.0398932,1.1241113,-0.25059247,2.773821,43.71581840515137
2800,402.7094,1.5740801,1.3182797,13.460049,280.47595,213424.08,2.2564154,1.6702946,0.1135298,3.2156992,45.28598499298096
2900,423.25162,2.0610847,1.2332836,13.067418,276.12317,220823.92,2.4044693,2.069605,0.37973678,3.4940522,46.884268045425415
3000,444.84167,2.3783753,1.1737574,11.996005,275.4425,231942.81,2.5505893,2.4893193,0.65954626,3.7545254,48.40168285369873
3100,467.53302,3.0503194,1.1132835,12.019523,275.31827,243244.95,2.6405652,2.7656877,0.84379184,3.9050279,50.063138008117676
3200,491.38187,2.7476873,0.9927865,11.310211,257.97656,239347.89,2.7110054,3.00446,1.0029733,4.0170555,51.59732937812805
3300,516.44727,3.2256696,0.94250095,11.122617,257.7243,251265.69,2.7592494,3.1790597,1.1193731,4.0899544,53.19439220428467
3400,542.79126,3.559455,0.88779014,10.507962,255.00978,261164.3,2.8108406,3.381858,1.2545722,4.165502,54.73660373687744
3500,570.47906,3.236999,0.8419343,10.756732,254.14668,273852.4,2.8334236,3.4921606,1.3281071,4.1912675,56.249263525009155
3600,599.57916,3.6289885,0.7313337,8.955159,231.83035,262456.22,2.8954318,3.7381153,1.4920769,4.2784595,57.77116298675537
3700,630.1637,3.991777,0.70700014,8.901367,235.65605,280589.62,2.928554,3.8886237,1.5924158,4.318801,59.251383781433105
3800,662.3083,4.097001,0.62078226,8.803576,218.47519,271761.3,2.9667075,4.067487,1.7116578,4.3642316,60.81938290596008
3900,696.0927,4.0339246,0.5392542,7.6276045,199.34698,261132.05,3.0187278,4.2836576,1.8557718,4.433824,62.32121920585632
4000,731.6004,4.4350257,0.5062956,6.966084,196.60414,270491.1,3.0520039,4.447356,1.9649041,4.46726,63.840922355651855
4100,768.9193,4.5338144,0.47097483,6.5017834,192.10641,278298.3,3.0805295,4.5833077,2.0555384,4.4972324,65.37690234184265
4200,808.1419,4.853496,0.3934223,5.627593,169.45161,256489.38,3.0922627,4.6682186,2.1121457,4.493514,67.10127973556519
4300,849.36523,4.8966613,0.3929329,5.8412766,177.60971,283316.6,3.1339748,4.8451643,2.2301095,4.539372,68.74676060676575
4400,892.69135,4.8882422,0.33450067,4.7091327,158.90031,266113.72,3.16069,4.972412,2.3149414,4.557329,70.43890762329102
4500,938.2275,5.5668573,0.32316712,4.8554406,162.02443,284325.06,3.179525,5.06343,2.37562,4.565287,71.92788505554199
4600,986.0865,4.965115,0.29882297,4.3163433,156.6141,290108.62,3.180113,5.0985303,2.3990202,4.540351,73.44727659225464
4700,1036.3867,5.295832,0.26984861,3.698631,148.82822,289691.4,3.185774,5.1443043,2.429536,4.5279317,74.99585342407227
4800,1089.2528,4.9446692,0.2552066,3.3637288,147.30066,302320.5,3.1500084,5.050341,2.366894,4.450096,76.43390417098999
4900,1144.8157,5.1717887,0.23225944,3.1654718,141.28438,304274.47,3.1724372,5.150588,2.4337254,4.4628778,77.91908931732178
5000,1203.2126,5.129584,0.2198681,3.0477362,140.45134,317881.8,3.1692195,5.168258,2.4455054,4.4340696,79.37451839447021
5100,1264.5885,5.307812,0.19743025,2.4352446,132.57707,315579.16,3.1358395,5.074703,2.3831356,4.3672485,80.85927534103394
5200,1329.0951,5.1882,0.18957382,2.2270882,133.3961,334472.2,3.1459732,5.1421137,2.4280758,4.359617,82.31026983261108
5300,1396.8922,5.177966,0.17377797,2.0380285,128.59053,338964.94,3.1034899,5.0201683,2.3467789,4.2815495,84.00080347061157
5400,1468.1477,4.8136644,0.17479502,1.5044934,134.6306,376204.06,3.0666788,4.9302573,2.2868383,4.208144,85.45975804328918
5500,1543.038,4.5556984,0.15410174,1.8815078,125.32963,366770.7,3.0040877,4.7497144,2.1664762,4.1033273,86.87779211997986
5600,1621.7484,4.7023277,0.14944278,1.647949,127.52957,392667.16,2.9677942,4.668493,2.1123285,4.0332212,88.25077676773071
5700,1704.4739,4.7731895,0.14698525,1.1005219,131.13997,426815.2,2.9722295,4.7168694,2.1445796,4.0246763,89.66424751281738
5800,1791.4191,4.555496,0.14407614,1.4085062,135.01437,461650.0,2.9285016,4.609091,2.0727272,3.9441042,91.06474542617798
5900,1882.7994,4.649081,0.13007674,1.4213581,128.52464,460961.06,2.8747609,4.4667983,1.9778655,3.8542104,92.4177405834198
6000,1978.841,4.449463,0.120823815,1.2952504,125.29027,472506.1,2.8146517,4.3162813,1.8775208,3.7547486,93.78622341156006
6100,2079.7815,4.395317,0.10970565,1.1626065,119.63981,474358.88,2.805567,4.325104,1.8834028,3.7282913,95.18081474304199
6200,2185.8713,4.1949015,0.10264341,1.1075432,117.485085,489941.6,2.7539937,4.202265,1.8015099,3.6394699,96.76080679893494
6300,2297.3728,4.114338,0.103741184,1.1036403,124.38406,547343.3,2.7238762,4.142751,1.7618341,3.5857227,98.2707736492157
6400,2414.5618,3.9940395,0.0994323,0.9862526,125.023,578992.06,2.6735985,4.029725,1.6864834,3.5010884,99.71378684043884
6500,2537.7283,4.0925703,0.09719011,0.9787679,128.39238,625628.7,2.6438668,3.9781768,1.652118,3.4457803,101.13075041770935
6600,2667.178,3.9226165,0.08688024,1.2024112,120.98755,617292.1,2.589565,3.8594756,1.5729837,3.3566878,102.54572010040283
6700,2803.2307,3.723232,0.081422724,1.1075393,118.9541,639557.56,2.5467227,3.7656574,1.5104382,3.2853377,103.97078061103821
6800,2946.2231,3.6616719,0.07879014,1.1656053,120.89395,683069.7,2.503962,3.6890643,1.4593761,3.2123048,105.51097464561462
6900,3096.51,3.606287,0.07243102,0.80803293,116.55601,694192.5,2.4703898,3.631352,1.4209013,3.1547794,106.95076322555542
7000,3254.463,3.609874,0.06550158,1.0039552,111.20005,692807.1,2.416272,3.521385,1.34759,3.0664082,108.310786485672
7100,3420.4731,3.4434097,0.066748105,0.97386646,118.572334,780606.75,2.361151,3.4054174,1.2702782,2.9825013,109.7738709449768
7200,3594.9512,3.4017854,0.06130185,0.7355308,114.32589,790882.7,2.3095474,3.3092432,1.2061622,2.8981557,111.14075446128845
7300,3778.3298,3.2380176,0.060972255,0.4854338,118.910095,869966.8,2.26892,3.245479,1.1636527,2.832377,112.4909176826477
7400,3971.0625,3.120276,0.052303977,0.7007893,107.67225,823679.0,2.216749,3.154481,1.1029873,2.749278,113.90079879760742
7500,4173.6265,3.0768106,0.052612677,0.6460094,113.515656,916061.94,2.1804245,3.1004982,1.0669987,2.6889725,115.29092049598694
7600,4386.5234,3.0356402,0.047952145,0.49205124,108.699295,921407.25,2.1251128,3.0070674,1.0047116,2.6018548,116.68074488639832
7700,4610.2803,2.9956362,0.044599984,0.5148044,106.31965,947518.4,2.0800743,2.9339244,0.95594966,2.533019,118.0708577632904
7800,4845.45,2.856538,0.04182706,0.8526139,105.044624,980660.0,2.0246472,2.8501241,0.9000827,2.4471169,119.47690343856812
7900,5042.195,2.7497172,0.03648685,0.62465084,95.36127,927175.56,1.9763231,2.7694438,0.84629583,2.3747487,120.89086985588074
8000,5042.195,2.7291656,0.036277603,0.5077316,94.696266,921045.5,1.9262694,2.6963954,0.79759693,2.298015,122.35079383850098
8100,5042.195,2.6303318,0.032832958,0.50901145,85.91443,834393.2,1.8847183,2.6391432,0.75942886,2.2360268,123.76576328277588
8200,5042.195,2.5462387,0.030057764,0.3772185,78.70201,763221.94,1.842733,2.5794513,0.7196342,2.1700063,125.18073678016663
8300,5042.195,2.5008736,0.030797642,0.3127407,80.45747,782226.9,1.80082,2.5230124,0.68200827,2.1085799,126.5407555103302
8400,5042.195,2.4945385,0.027038066,0.397632,71.05776,686379.25,1.7629485,2.479512,0.653008,2.0525718,127.94775366783142
8500,5042.195,2.4148982,0.024633894,0.36376703,64.88312,625913.44,1.731211,2.4353611,0.62357414,2.0066798,129.3605444431305
8600,5042.195,2.3471823,0.022798084,0.31340468,60.136776,578917.2,1.6941328,2.389522,0.5930147,1.9526438,130.79082083702087
8700,5042.195,2.3098192,0.024013923,0.2172488,63.068504,610248.94,1.6693256,2.3634734,0.5756489,1.9146161,132.25074458122253
8800,5042.195,2.2951326,0.023438333,0.12523855,61.510693,595222.06,1.6305531,2.3155918,0.5437279,1.8628527,133.66774988174438
8900,5042.195,2.279838,0.02351045,0.05793603,61.609913,597475.9,1.6070352,2.287302,0.524868,1.828763,135.04079389572144
9000,5042.195,2.2364488,0.021364698,0.10442838,56.20336,542532.0,1.5685335,2.2434998,0.4956665,1.7768407,136.49080228805542
9100,5042.195,2.1532748,0.017185371,0.1852692,45.66454,436778.7,1.5409626,2.2057307,0.47048712,1.7399831,137.86084580421448
9200,5042.195,2.1856165,0.020305531,0.08175004,53.459587,515592.94,1.5154213,2.185753,0.4571687,1.7031914,139.3707823753357
9300,5042.195,2.1711144,0.018235397,0.039965104,48.18429,463439.4,1.4867557,2.1518683,0.4345789,1.6655741,140.81581115722656
9400,5042.195,2.1379037,0.014473541,0.112232976,38.73934,367542.66,1.4564089,2.1220875,0.41472495,1.6261338,142.23274326324463
9500,5042.195,2.0450046,0.016348388,0.12798333,43.388866,415498.25,1.4290768,2.0854535,0.3903023,1.5907305,143.62085604667664
9600,5042.195,2.074456,0.01523968,0.114435464,40.60961,387092.44,1.4028307,2.0633564,0.3755709,1.5561529,145.03544878959656
9700,5042.195,2.0247886,0.015695175,0.056661114,41.650513,398901.72,1.3832796,2.0424984,0.3616656,1.5291867,146.47082996368408
9800,5042.195,1.9931537,0.013256674,0.19171053,35.60623,336704.38,1.3541,2.0155318,0.3436879,1.4926208,147.87180304527283
9900,5042.195,1.9941394,0.014629257,0.15911143,39.035034,371767.25,1.3317233,1.9901053,0.3267368,1.4633743,149.33465480804443
10000,5042.195,2.021888,0.012251033,-0.11605072,32.791885,310903.72,1.3026793,1.9650993,0.31006622,1.4276959,150.75427889823914
10100,5042.195,1.977385,0.0117603615,-0.05418269,31.57222,298828.84,1.2861346,1.9543762,0.30291748,1.4052792,152.1907720565796
10200,5042.195,1.9327788,0.011261766,0.010429862,30.335217,285992.47,1.2563711,1.92636,0.28424,1.369776,153.8107807636261
10300,5042.195,1.8991627,0.010317547,0.08270512,27.993408,262209.44,1.2356367,1.9062719,0.27084792,1.3437109,155.23086643218994
10400,5042.195,1.8982527,0.010363328,0.025889851,28.051104,263098.2,1.2075422,1.8801844,0.25345623,1.3097006,156.67088270187378
10500,5042.195,1.8791168,0.009458156,0.002822125,25.726871,240336.53,1.1860607,1.8613572,0.24090481,1.2828716,158.09429621696472
10600,5042.195,1.828825,0.0091599105,0.004403748,24.926256,232460.9,1.1604772,1.8398516,0.22656775,1.2523657,159.53074765205383
10700,5042.195,1.8388402,0.008473554,-0.06703675,23.134457,215320.52,1.1414742,1.8280416,0.21869433,1.2294271,160.9808247089386
10800,5042.195,1.7793738,0.00802585,-0.11458015,21.898743,203616.98,1.1112951,1.8009725,0.20064831,1.1943614,162.39273190498352
10900,5042.195,1.7834682,0.0068812803,-0.059889406,19.071957,174841.94,1.0936531,1.7949591,0.19663942,1.1736547,163.79078817367554
11000,5042.195,1.7858924,0.007844686,-0.043462195,21.519646,199151.78,1.0691787,1.7758946,0.1839298,1.1437168,165.27773761749268
11100,5042.195,1.7606164,0.0067493143,-0.02748009,18.748816,171517.97,1.0495498,1.7595595,0.17303967,1.1199769,166.820814371109
11200,5042.195,1.744842,0.0061121765,-0.0057376814,17.148497,155161.55,1.027038,1.7425863,0.16172421,1.0953292,168.32081723213196
11300,5042.195,1.7418813,0.0052635707,-0.023290977,14.988565,133765.34,1.0068718,1.733306,0.15553737,1.0724778,170.19086933135986
11400,5042.195,1.7062329,0.0058019194,-0.0471703,16.286266,147289.97,0.98335904,1.7189097,0.14593983,1.0454013,171.8908975124359
11500,5042.195,1.6992835,0.0049938057,-0.012769227,14.276384,126910.11,0.9659181,1.7071619,0.1381079,1.0249813,173.51081204414368
11600,5042.195,1.6818465,0.004497403,0.015607693,13.035845,114164.77,0.93935686,1.6845775,0.12305164,0.9950941,175.12080264091492
11700,5042.195,1.6620604,0.0048385295,-0.13360904,13.726856,122890.664,0.9241541,1.6776826,0.11845505,0.97849596,176.77081108093262
11800,5042.195,1.6616942,0.00432043,-0.013669251,12.540251,109658.16,0.9043149,1.6706952,0.11379683,0.9559637,178.38575220108032
11900,5042.195,1.6850502,0.0037014545,-0.0053981766,11.011379,94059.17,0.8859889,1.6568722,0.104581475,0.9354807,180.0008409023285
12000,5042.195,1.6580032,0.003607642,-0.03407012,10.71915,91551.37,0.8655401,1.6499774,0.099985,0.9129055,181.68081140518188
12100,5042.195,1.659191,0.0033595457,0.0119712595,10.140904,85331.0,0.8489933,1.63658,0.09105337,0.89653206,183.42076468467712
12200,5042.195,1.6071761,0.0033317073,-0.047921933,9.958813,84574.59,0.8305831,1.6261569,0.08410466,0.87713355,185.0008909702301
12300,5042.195,1.6303428,0.003040545,0.03418628,9.330039,77266.96,0.81546223,1.6211269,0.0807513,0.8615563,186.490816116333
12400,5042.195,1.5958029,0.0025725693,-0.035582174,8.045918,65307.93,0.79755336,1.6117507,0.07450044,0.8428269,187.90384602546692
12500,5042.195,1.6146177,0.002700312,-0.012104334,8.410263,68604.59,0.78200734,1.6035703,0.069046855,0.8258452,189.34062695503235
12600,5042.195,1.615556,0.0024787316,-0.0039820718,7.8606973,62930.254,0.7662489,1.5996573,0.0664382,0.81028837,191.03078722953796
12700,5042.195,1.5653129,0.0022682818,-0.050295733,7.2335763,57618.297,0.75481075,1.5951781,0.063452125,0.79862225,192.59078669548035
12800,5042.195,1.6033875,0.0022130355,-0.086048536,7.0966167,56151.375,0.73609436,1.5830816,0.055387735,0.77902234,194.0227508544922
12900,5042.195,1.5927867,0.0020646793,-0.039551124,6.758493,52472.04,0.72438514,1.58123,0.054153323,0.76612294,195.52081274986267
13000,5042.195,1.5742098,0.0019256858,-0.01365156,6.4153996,48875.79,0.7076646,1.5718287,0.047885776,0.7500344,196.95055961608887
13100,5042.195,1.5841454,0.0018090273,-0.06817126,6.076708,45969.477,0.695276,1.567124,0.04474938,0.7378047,198.35178685188293
13200,5042.195,1.5470153,0.0016930368,-0.07000355,5.745322,42937.156,0.6822268,1.564535,0.043023348,0.7241725,199.8997824192047
13300,5042.195,1.5671129,0.0014952484,-0.042210303,5.2945695,37995.5,0.6734186,1.5599198,0.039946556,0.7148453,201.4608986377716
13400,5042.195,1.557768,0.0013854996,-0.06711685,4.9836307,35130.88,0.6606219,1.5513982,0.0342654,0.7020073,203.01098203659058
13500,5042.195,1.5508945,0.0015193586,-0.040062577,5.3412833,38610.0,0.64953256,1.5452989,0.03019929,0.69066244,204.50088691711426
13600,5042.195,1.5568498,0.0013055501,-0.034910228,4.813359,33110.785,0.6363367,1.545895,0.030596614,0.6777782,206.0609359741211
13700,5042.195,1.5192013,0.0012433098,-0.1007752,4.5529313,31559.63,0.62771654,1.5412269,0.027484536,0.6692102,207.59065651893616
13800,5042.195,1.5296319,0.0011638687,-0.022902193,4.440956,29526.236,0.61615175,1.5328304,0.021886945,0.6572286,209.22082042694092
13900,5042.195,1.5325164,0.0010354555,-0.025854053,4.1171465,26314.76,0.608231,1.5325764,0.021717668,0.64869285,210.7709059715271
14000,5042.195,1.523083,0.0010443659,-0.04050401,4.115527,26518.807,0.59874135,1.5271444,0.018096328,0.6398075,212.24096250534058
14100,5042.195,1.5178272,0.00104534,-0.06099419,4.092237,26557.842,0.58973765,1.5241421,0.016094804,0.6300346,213.73087453842163
14200,5042.195,1.5211792,0.0008929436,-0.03343447,3.7389426,22674.951,0.58117306,1.5216625,0.014441609,0.62134343,215.2308075428009
14300,5042.195,1.5331279,0.00087064557,-0.020529116,3.7075813,22125.643,0.57509524,1.5199147,0.013276458,0.6148464,216.77578854560852
14400,5042.195,1.503102,0.00090795977,-0.08068549,3.7114718,23015.064,0.5682605,1.5165724,0.011048198,0.6066142,218.2308669090271
14500,5042.195,1.5015901,0.00078533817,-0.04874657,3.4327576,19944.854,0.55902606,1.5132802,0.0088534355,0.59829915,219.7208127975464
14600,5042.195,1.5073998,0.0007491427,-0.067113,3.3289485,18984.201,0.5500727,1.5102894,0.00685966,0.5889499,221.12153506278992
14700,5042.195,1.5268425,0.00072916195,-0.028495796,3.336635,18536.352,0.5444136,1.5097997,0.006533146,0.58342683,222.57084965705872
14800,5042.195,1.4874314,0.00065886456,-0.048654564,3.0998387,16713.334,0.5355115,1.5044594,0.0029729605,0.57351214,224.09949564933777
14900,5042.195,1.4978034,0.00069331884,-0.0527437,3.192984,17623.78,0.530763,1.5031087,0.0020724535,0.56763065,225.57097244262695
15000,5042.195,1.5276912,0.00063720223,-0.06109016,3.0730498,16177.72,0.52391833,1.5019522,0.0013014078,0.56149936,227.01386713981628
15100,5042.195,1.5209861,0.00061146746,-0.05323268,3.0093224,15538.55,0.5179974,1.5003791,0.0002527237,0.55511194,228.43081331253052
15200,5042.195,1.5102997,0.0005528551,-0.023654828,2.8804464,14061.379,0.51248085,1.4975879,-0.0016080737,0.5489169,229.9606113433838
15300,5042.195,1.4843595,0.0005688786,-0.046299104,2.8722587,14463.161,0.508294,1.4953177,-0.0031215549,0.5446751,231.45076441764832
15400,5042.195,1.5228493,0.000529749,-0.06917155,2.7892265,13430.499,0.50042236,1.4943016,-0.0037989616,0.5368656,232.8408718109131
15500,5042.195,1.4867277,0.00055244926,-0.089985505,2.7895205,14006.049,0.49750525,1.4918281,-0.005447924,0.5333682,234.25075697898865
15600,5042.195,1.4752584,0.0004617643,-0.052125946,2.5872853,11724.462,0.4912103,1.4875208,-0.0083194375,0.5266435,235.6228244304657
15700,5042.195,1.481006,0.0004696662,-0.05408553,2.6109948,11939.413,0.48573077,1.4873252,-0.0084498525,0.52137905,237.05078601837158
15800,5042.195,1.4771677,0.00041169958,-0.049607337,2.465495,10485.948,0.48099294,1.4872125,-0.008524954,0.5160888,238.5108723640442
15900,5042.195,1.481623,0.00038996182,-0.062404003,2.402351,9905.046,0.47572103,1.4846603,-0.010226488,0.51047784,240.0022909641266
16000,5042.195,1.5041039,0.00036596367,-0.054553907,2.37218,9289.1045,0.4715295,1.4832647,-0.011156857,0.50557566,241.55080842971802
16100,5042.195,1.4814862,0.00036126433,-0.06541732,2.3268514,9176.754,0.46777412,1.4811816,-0.012545586,0.50198954,243.0508587360382
16200,5042.195,1.5019559,0.00034818338,-0.067177266,2.3125827,8829.906,0.46145207,1.4808397,-0.012773514,0.49573898,245.11440014839172
16300,5042.195,1.4616451,0.00034620645,-0.0673827,2.2670825,8797.824,0.4594191,1.4783965,-0.01440233,0.49341977,247.25078701972961
16400,5042.195,1.4618386,0.00032771053,-0.07946841,2.2085602,8293.862,0.45484832,1.4780637,-0.014624178,0.4886094,248.70079350471497
16500,5042.195,1.4807715,0.00032083524,-0.071406126,2.2182224,8147.886,0.45107552,1.4748954,-0.016736448,0.4846079,250.1072962284088
16600,5042.195,1.4428773,0.0003063579,-0.05529074,2.1599445,7777.226,0.44492945,1.4732893,-0.017807186,0.4785092,251.58440613746643
16700,5042.195,1.4693716,0.00027119298,-0.06617595,2.0868995,6881.211,0.44275638,1.4746218,-0.016918838,0.47620022,253.23081493377686
16800,5042.195,1.4799734,0.0002504238,-0.060998905,2.0503173,6363.483,0.44002044,1.4712261,-0.019182622,0.4732634,254.65628910064697
16900,5042.195,1.5004675,0.0002628035,-0.07284646,2.0901744,6668.065,0.436836,1.4730153,-0.017989814,0.47022337,256.2109704017639
17000,5042.195,1.4608561,0.00028279028,-0.06916434,2.1046336,7159.358,0.4330341,1.4682195,-0.021187007,0.46600404,257.860897064209
17100,5042.195,1.4831316,0.00023786897,-0.06182472,2.0209978,6051.4805,0.43019876,1.4705908,-0.019606113,0.46338335,259.38182067871094
17200,5042.195,1.4704442,0.00022786694,-0.06337668,1.9815423,5774.5835,0.42635414,1.4688134,-0.020791054,0.4598807,260.83082818984985
17300,5042.195,1.4663053,0.00021066387,-0.051499505,1.9459099,5366.001,0.42278683,1.4694978,-0.02033478,0.45592168,262.36998319625854
17400,5042.195,1.4747089,0.00021186403,-0.058455653,1.950383,5364.894,0.42026395,1.4669094,-0.022060394,0.45323077,263.85061287879944
17500,5042.195,1.4385566,0.00020954659,-0.058807697,1.9080361,5325.5303,0.41837183,1.4674268,-0.021715462,0.4516131,265.47096943855286
17600,5042.195,1.4602185,0.00019596661,-0.062191322,1.892078,4961.151,0.4159427,1.4673091,-0.021793902,0.44917548,266.94078755378723
17700,5042.195,1.464272,0.00018621217,-0.060229395,1.8735017,4736.728,0.4141813,1.4653878,-0.023074806,0.4470648,268.41096234321594
17800,5042.195,1.4666785,0.00019394579,-0.06263815,1.8929965,4899.188,0.41034588,1.4666165,-0.02225566,0.44324037,269.86087226867676
17900,5042.195,1.465431,0.00016713502,-0.058202587,1.828592,4245.901,0.40861553,1.4635112,-0.024325848,0.44158608,271.42663621902466
18000,5042.195,1.4645512,0.00016534008,-0.06359227,1.8177973,4185.7456,0.40460914,1.4602863,-0.026475847,0.43743134,273.01084184646606
18100,5042.195,1.4604362,0.000166436,-0.06259586,1.8174417,4225.275,0.40304008,1.4619765,-0.025348961,0.4360485,274.4907274246216
18200,5042.195,1.4525298,0.00015512554,-0.06580315,1.7778132,3919.6763,0.39855823,1.46183,-0.025446653,0.4318698,276.1010072231293
18300,5042.195,1.4546558,0.0001535038,-0.056845132,1.7848086,3900.2544,0.39688438,1.4625759,-0.024949372,0.43014452,277.6743803024292
18400,5042.195,1.4714985,0.00015137816,-0.05565498,1.7974826,3840.5198,0.39432946,1.4592419,-0.027172089,0.42747626,279.2708034515381
18500,5042.195,1.4615806,0.00013747251,-0.05324793,1.7549143,3500.0198,0.39372864,1.4595722,-0.02695185,0.42699316,280.7307085990906
18600,5042.195,1.4544369,0.0001298938,-0.051067986,1.7308439,3319.49,0.391632,1.4619994,-0.025333703,0.42506555,282.280880689621
18700,5042.195,1.4718142,0.00012363862,-0.052911896,1.7306073,3144.9302,0.38837206,1.4597584,-0.026827753,0.42198098,283.8810088634491
18800,5042.195,1.4622931,0.00013328936,-0.057770524,1.7405581,3368.631,0.38615608,1.4571292,-0.028580487,0.4201423,285.45059037208557
18900,5042.195,1.471931,0.00012840626,-0.0551705,1.7404852,3252.328,0.3858495,1.4600116,-0.026658952,0.41963482,286.9418103694916
19000,5042.195,1.4433188,0.00012670315,-0.054929774,1.70782,3230.3108,0.3821215,1.4593631,-0.027091265,0.41582942,288.3308298587799
19100,5042.195,1.4473468,0.00012761829,-0.05376995,1.715315,3236.9941,0.3800893,1.4568682,-0.028754532,0.414047,289.830726146698
19200,5042.195,1.4526381,0.000117028765,-0.05338792,1.6942911,2965.7375,0.3777961,1.4551471,-0.029901922,0.41175333,291.3507902622223
19300,5042.195,1.4685555,0.00010670871,-0.04555865,1.6920198,2715.8599,0.3758583,1.4548062,-0.030129194,0.40995276,292.87197041511536
19400,5042.195,1.4398865,0.00010809065,-0.04612634,1.6662672,2738.8481,0.37428418,1.4526017,-0.031598866,0.40858883,294.3528320789337
19500,5042.195,1.4759446,0.00010620995,-0.048114028,1.6955962,2695.5251,0.3732548,1.4555357,-0.02964288,0.4076127,295.8208427429199
19600,5042.195,1.4657991,0.00011193172,-0.049063075,1.6989268,2840.4736,0.37065887,1.4527968,-0.03146881,0.40502453,297.3508596420288
19700,5042.195,1.4766239,9.766387e-05,-0.046234615,1.6766094,2479.4316,0.36882073,1.4544703,-0.030353129,0.40338317,298.93085265159607
19800,5042.195,1.4505346,0.000102228456,-0.045991447,1.662271,2593.6213,0.367459,1.4546134,-0.030257702,0.40221786,300.4608573913574
19900,5042.195,1.4368633,9.1070324e-05,-0.04655286,1.6199076,2306.5244,0.36493734,1.4549016,-0.030065596,0.39974833,301.9408800601959
20000,5042.195,1.4466882,8.832618e-05,-0.048957538,1.6204095,2247.0134,0.3627398,1.4560139,-0.029324055,0.3978359,303.4468984603882
20100,5042.195,1.4448682,8.794089e-05,-0.046493772,1.620082,2232.2144,0.3604915,1.4538811,-0.030745924,0.39567235,304.9508228302002
20200,5042.195,1.4434341,8.731994e-05,-0.04539867,1.6181774,2210.8242,0.35897574,1.4543059,-0.030462742,0.39405498,306.5508940219879
20300,5042.195,1.4572364,8.65294e-05,-0.044354975,1.6310306,2191.9734,0.3586432,1.4521767,-0.031882226,0.39377102,307.9938817024231
20400,5042.195,1.469677,7.965639e-05,-0.04263541,1.627863,2021.6951,0.35676584,1.4537184,-0.030854404,0.3921066,309.5308358669281
20500,5042.195,1.4318951,7.9962076e-05,-0.042189166,1.5912982,2033.2789,0.35468054,1.4514048,-0.032396793,0.390021,311.04079818725586
20600,5042.195,1.4634987,7.5035634e-05,-0.045842648,1.6068282,1898.5259,0.35386017,1.4542925,-0.030471623,0.3894566,312.67081117630005
20700,5042.195,1.4361457,7.100581e-05,-0.037668914,1.5774893,1808.8099,0.35088807,1.451325,-0.03244996,0.38640046,314.26083874702454
20800,5042.195,1.441943,7.276954e-05,-0.0431104,1.5822917,1842.2719,0.3505411,1.4507062,-0.032862484,0.386298,315.8378405570984
20900,5042.195,1.4651928,7.3590796e-05,-0.038091164,1.6126312,1868.504,0.34883717,1.4510934,-0.032604396,0.38463402,317.40086817741394
21000,5042.195,1.4396507,7.020472e-05,-0.03754013,1.5791035,1778.2977,0.34823498,1.4513453,-0.03243643,0.38430303,318.95083928108215
21100,5042.195,1.431287,7.1703944e-05,-0.038834427,1.5732253,1823.1266,0.3450858,1.4524722,-0.031685174,0.38131502,320.5110309123993
21200,5042.195,1.4811453,6.737741e-05,-0.038405847,1.6126044,1717.9843,0.34323224,1.450597,-0.03293532,0.3794171,322.10082817077637
21300,5042.195,1.4584854,6.8949965e-05,-0.03767209,1.5946429,1742.123,0.3418038,1.4503039,-0.033130705,0.37798458,323.656286239624
21400,5042.195,1.4498733,6.6234265e-05,-0.03438256,1.5824738,1674.6293,0.33998442,1.449327,-0.033782005,0.37624562,325.1908497810364
21500,5042.195,1.4382277,6.812048e-05,-0.034537304,1.5754287,1735.504,0.33950663,1.4482667,-0.034488857,0.3759568,326.7809593677521
21600,5042.195,1.4554278,6.0633356e-05,-0.038133953,1.5701563,1527.1262,0.33680198,1.4504153,-0.033056498,0.37356043,328.21082186698914
21700,5042.195,1.4369878,6.273713e-05,-0.032968245,1.5621859,1593.2445,0.335222,1.4500153,-0.03332311,0.37181413,329.75086855888367
21800,5042.195,1.4503478,5.786938e-05,-0.03166434,1.5645778,1474.509,0.333035,1.4485147,-0.034323514,0.36971447,331.2708294391632
21900,5042.195,1.4440472,5.8862337e-05,-0.033274896,1.55917,1501.3011,0.33318475,1.4493204,-0.033786356,0.36980754,332.84703969955444
22000,5042.195,1.4401228,5.517634e-05,-0.032510024,1.5467178,1394.5542,0.33120465,1.4510006,-0.032666266,0.36803705,334.4110028743744
22100,5042.195,1.4544791,5.3626638e-05,-0.031922907,1.5577542,1362.6599,0.3298005,1.4493555,-0.03376299,0.36663663,335.9908621311188
22200,5042.195,1.4541852,5.3554784e-05,-0.032216724,1.5569854,1343.5339,0.32689312,1.4493102,-0.03379321,0.3638056,337.5833456516266
22300,5042.195,1.4381838,5.1145704e-05,-0.030095803,1.5370313,1303.2742,0.3247967,1.448646,-0.034236014,0.36170262,339.2208423614502
22400,5042.195,1.4526736,5.522433e-05,-0.029646372,1.5622531,1388.8768,0.32498634,1.448748,-0.034168005,0.36205706,340.69095158576965
22500,5042.195,1.4618155,5.558179e-05,-0.02714352,1.5747991,1407.2537,0.32291716,1.4473103,-0.035126448,0.36010495,342.21233201026917
22600,5042.195,1.4272076,4.865194e-05,-0.02564803,1.5242158,1242.4064,0.32021976,1.4491031,-0.033931255,0.35724342,343.710875749588
22700,5042.195,1.452469,4.905473e-05,-0.025862565,1.5502782,1246.0314,0.31867573,1.4478213,-0.034785807,0.3558538,345.2306458950043
22800,5042.195,1.4561523,4.693128e-05,-0.02618335,1.5482873,1188.7029,0.31843457,1.4469256,-0.035382926,0.35561392,346.800616979599
22900,5042.195,1.4574869,5.169309e-05,-0.025088802,1.5627214,1311.9436,0.31565058,1.4478811,-0.03474593,0.35289612,348.28687024116516
23000,5042.195,1.446148,4.475108e-05,-0.026514258,1.5324556,1128.4242,0.31438228,1.4470291,-0.035313904,0.35156298,349.900812625885
23100,5042.195,1.440832,4.4416232e-05,-0.026205162,1.5266045,1127.846,0.31298038,1.4480213,-0.03465247,0.3500986,351.390869140625
23200,5042.195,1.4350572,4.5589302e-05,-0.02411399,1.5258782,1162.089,0.31240356,1.446524,-0.03565067,0.34940583,352.96103501319885
23300,5042.195,1.4483906,4.601571e-05,-0.02469279,1.5397079,1165.1356,0.30964288,1.4471278,-0.0352481,0.346826,354.4153242111206
23400,5042.195,1.4401073,4.2419473e-05,-0.021156013,1.5258949,1069.46,0.30791637,1.4480003,-0.03466648,0.34500465,355.93056201934814
23500,5042.195,1.450188,4.2103118e-05,-0.023905478,1.5324286,1069.3533,0.3069275,1.4466019,-0.035598755,0.343888,357.5108358860016
23600,5042.195,1.4870871,4.174228e-05,-0.021976259,1.5703473,1053.7937,0.3059845,1.4453928,-0.03640479,0.34302148,358.98098611831665
23700,5042.195,1.4534016,3.9334955e-05,-0.021412142,1.5311567,1000.67053,0.30460107,1.4465541,-0.035630643,0.34160253,360.5018630027771
23800,5042.195,1.4815863,3.5728957e-05,-0.020428712,1.5512339,905.80084,0.3030379,1.4456033,-0.03626448,0.34000474,361.9834108352661
23900,5042.195,1.4393892,4.0491595e-05,-0.020617202,1.5208552,1026.2494,0.30179527,1.4459113,-0.03605914,0.33870795,363.5408413410187
24000,5042.195,1.426104,3.7172915e-05,-0.01995239,1.499868,933.4729,0.30008373,1.4470341,-0.035310566,0.33700746,365.19335317611694
24100,5042.195,1.4427357,3.3904103e-05,-0.01943794,1.5087733,859.13635,0.29818156,1.4459548,-0.036030114,0.33503413,366.7938435077667
24200,5042.195,1.4729024,3.6022615e-05,-0.019500691,1.5442182,913.22595,0.29668966,1.4449152,-0.036723197,0.33341816,368.2809090614319
24300,5042.195,1.4418389,3.224982e-05,-0.01879113,1.5043527,819.2029,0.295964,1.4470825,-0.03527832,0.3327272,369.7810604572296
24400,5042.195,1.4299732,3.505387e-05,-0.019604977,1.4987426,883.4793,0.29272044,1.4458506,-0.036099613,0.32914668,371.3948264122009
24500,5042.195,1.4623116,3.5627905e-05,-0.017102206,1.5350308,904.5396,0.29423803,1.4452522,-0.036498547,0.33064833,372.92600870132446
24600,5042.195,1.4430486,3.3171564e-05,-0.016324153,1.5103532,838.1933,0.2917428,1.44643,-0.035713375,0.32816625,374.4206168651581
24700,5042.195,1.440578,3.2856922e-05,-0.01835148,1.5050621,831.8734,0.2907843,1.4466637,-0.03555751,0.32704145,375.8207919597626
24800,5042.195,1.4303467,3.244376e-05,-0.01623354,1.4959071,823.2581,0.28883392,1.4457519,-0.036165416,0.32503334,377.25100111961365
24900,5042.195,1.4305596,3.3293432e-05,-0.017112184,1.4973835,842.5394,0.2871038,1.4458078,-0.036128104,0.32321775,378.68100666999817
25000,5042.195,1.4456537,3.2124644e-05,-0.016177025,1.510466,813.42896,0.28658465,1.4455366,-0.036308944,0.32268703,380.1108160018921
25100,5042.195,1.4563997,2.9780134e-05,-0.016191708,1.5152866,755.3288,0.28452766,1.4458617,-0.03609222,0.32043236,381.5238046646118
25200,5042.195,1.4534482,3.0443724e-05,-0.015719818,1.51448,763.8491,0.28294224,1.4470227,-0.035318196,0.3187999,382.9507372379303
25300,5042.195,1.4076916,2.9607034e-05,-0.01503345,1.4673003,752.0054,0.2830216,1.4465903,-0.035606444,0.31859297,384.3308279514313
25400,5042.195,1.4272813,2.8128035e-05,-0.014419852,1.483775,704.82446,0.280946,1.4458058,-0.036129475,0.31636432,385.69881415367126
25500,5042.195,1.4331695,2.5888281e-05,-0.014688936,1.4837474,657.0971,0.27994138,1.4460194,-0.03598708,0.31527483,387.15079140663147
25600,5042.195,1.4528484,2.905753e-05,-0.014254803,1.5118505,732.4936,0.27827162,1.4464841,-0.035677254,0.31343433,388.59082889556885
25700,5042.195,1.4558462,2.7224467e-05,-0.013087943,1.5113938,691.28107,0.27656087,1.4456445,-0.036237,0.31158984,389.9708592891693
25800,5042.195,1.4583927,2.6110172e-05,-0.01251377,1.5117053,658.89496,0.27555206,1.4454474,-0.03636837,0.31031856,391.36482787132263
25900,5042.195,1.4565222,2.521293e-05,-0.011652652,1.5084338,639.27106,0.2754719,1.4458457,-0.03610283,0.31018695,392.77081060409546
26000,5042.195,1.4549689,2.5400182e-05,-0.010245717,1.5087596,645.5202,0.27375117,1.4458017,-0.036132157,0.30823484,394.23071122169495
26100,5042.195,1.457005,2.4727991e-05,-0.011682329,1.5076644,628.1125,0.272041,1.4463866,-0.035742283,0.30636698,395.69079518318176
26200,5042.195,1.4417434,2.241807e-05,-0.009591912,1.4886695,577.47687,0.2710868,1.4464675,-0.03568834,0.30508026,397.1707854270935
26300,5042.195,1.435649,2.407065e-05,-0.009287683,1.4870458,614.1658,0.26862746,1.445676,-0.03621602,0.3025123,398.6208128929138
26400,5042.195,1.4373653,2.4313798e-05,-0.011482614,1.4871801,619.0979,0.26835045,1.4458753,-0.03608316,0.3018962,400.0508165359497
26500,5042.195,1.4703689,2.3251941e-05,-0.008929226,1.5200601,591.7609,0.26791832,1.4461477,-0.035901546,0.3015635,401.48084330558777
26600,5042.195,1.4680631,2.2587601e-05,-0.008547851,1.5164608,581.78284,0.26631674,1.4462681,-0.03582126,0.2997056,402.8808159828186
26700,5042.195,1.4543223,2.2676872e-05,-0.0099198865,1.5015731,569.809,0.2644521,1.4463328,-0.035778105,0.2976083,404.35083198547363
26800,5042.195,1.4483653,2.2259177e-05,-0.010297523,1.4941853,565.5881,0.26444507,1.4455237,-0.036317527,0.297178,405.77083444595337
26900,5042.195,1.4676442,2.1801487e-05,-0.008301632,1.5143063,551.70807,0.26268795,1.4465975,-0.035601676,0.2953301,407.18482756614685
27000,5042.195,1.4515744,2.1004147e-05,-0.0079422025,1.4965857,524.0471,0.26240203,1.4460607,-0.03595954,0.29482883,408.5508201122284
27100,5042.195,1.4553492,2.0009262e-05,-0.00876872,1.4970258,505.0466,0.26136807,1.4463841,-0.03574395,0.29347095,410.0578782558441
27200,5042.195,1.4380254,2.0962181e-05,-0.007831093,1.483042,531.38556,0.25985694,1.4460994,-0.035933733,0.29179588,411.4925081729889
27300,5042.195,1.4289563,1.9334087e-05,-0.006794342,1.4709051,493.04306,0.25990462,1.4467888,-0.03547412,0.29161933,412.9308269023895
27400,5042.195,1.434638,2.0118772e-05,-0.0064168167,1.4789426,515.6769,0.2583172,1.4462253,-0.03584981,0.28972024,414.4008364677429
27500,5042.195,1.4495261,2.043575e-05,-0.006810018,1.4942365,519.16187,0.2567653,1.4464685,-0.035687685,0.2879666,415.8308391571045
27600,5042.195,1.4572004,1.9122723e-05,-0.0065624313,1.4988482,482.9298,0.2568642,1.445565,-0.03628999,0.28776664,417.1848318576813
27700,5042.195,1.4413283,1.9266601e-05,-0.0065722778,1.483329,488.75494,0.2544381,1.4471941,-0.035203934,0.28509247,418.5418291091919
27800,5042.195,1.4573377,1.8463707e-05,-0.0058473954,1.4980391,468.59033,0.25432393,1.4468135,-0.03545767,0.2846828,420.00086522102356
27900,5042.195,1.4375657,1.747418e-05,-0.0051753325,1.4764445,440.76794,0.25498888,1.4461629,-0.035891354,0.28529942,421.400999546051
28000,5042.195,1.4350073,1.7062468e-05,-0.005178243,1.4728453,434.67645,0.25334585,1.4469553,-0.035363138,0.2833321,422.8483338356018
28100,5042.195,1.434149,1.6155742e-05,-0.0053224145,1.4695568,410.65018,0.25208834,1.4464041,-0.0357306,0.28161317,424.32082533836365
28200,5042.195,1.4525642,1.654413e-05,-0.0047286013,1.4895451,421.29486,0.25094968,1.446389,-0.035740674,0.2801417,425.7308306694031
28300,5042.195,1.455764,1.6220494e-05,-0.0042557223,1.4924017,413.41183,0.25020733,1.446656,-0.035562694,0.2790985,427.2308533191681
28400,5042.195,1.451487,1.5813395e-05,-0.004889154,1.486465,395.68594,0.25031072,1.4478114,-0.034792423,0.27888268,428.65083050727844
28500,5042.195,1.4537488,1.6615097e-05,-0.00432055,1.4913166,419.00037,0.24986595,1.4468561,-0.03542924,0.27823856,430.0608878135681
28600,5042.195,1.4568588,1.506389e-05,-0.00364899,1.4911873,383.2747,0.24896039,1.4466286,-0.035580933,0.27706736,431.5008201599121
28700,5042.195,1.4349042,1.6355401e-05,-0.0040901103,1.4720477,412.71875,0.24741957,1.4461724,-0.035885096,0.2752426,432.87333273887634
28800,5042.195,1.4752499,1.5241925e-05,-0.0039289384,1.5097474,387.80438,0.24806914,1.4466285,-0.035581052,0.27579656,434.27090716362
28900,5042.195,1.4606223,1.5131568e-05,-0.003050045,1.4957204,382.1086,0.246057,1.44719,-0.035206616,0.27342498,435.66685819625854
29000,5042.195,1.4395195,1.5129096e-05,-0.0034058425,1.4742557,383.9547,0.2464061,1.4472044,-0.03519708,0.27348018,437.1308317184448
29100,5042.195,1.4780284,1.508976e-05,-0.0029236665,1.5131476,382.76123,0.24399148,1.4467437,-0.035504162,0.27075294,438.5708558559418
29200,5042.195,1.4470015,1.5880929e-05,-0.0029069143,1.4841319,397.7448,0.24481846,1.4462444,-0.035837114,0.27129212,439.99079847335815
29300,5042.195,1.4472919,1.4160964e-05,-0.0026341605,1.4803588,361.066,0.24473588,1.4471856,-0.035209596,0.27080792,441.3608617782593
29400,5042.195,1.427117,1.4533607e-05,-0.0029104555,1.4608471,365.10025,0.24378768,1.4466094,-0.035593748,0.26964304,442.9309244155884
29500,5042.195,1.4625636,1.4774959e-05,-0.002687745,1.497125,374.93887,0.2422649,1.4475607,-0.034959555,0.26787445,444.5710868835449
29600,5042.195,1.4437461,1.4300492e-05,-0.0026135687,1.4771855,359.12857,0.24240837,1.44758,-0.03494668,0.26758245,446.26088213920593
29700,5042.195,1.4274011,1.332245e-05,-0.0020474873,1.4589407,337.38885,0.24072595,1.4469817,-0.035345554,0.26576734,447.8510887622833
29800,5042.195,1.4337658,1.3598257e-05,-0.0014227914,1.4666256,345.54846,0.24114053,1.4480606,-0.034626245,0.26572064,449.4228639602661
29900,5042.195,1.4432839,1.3226288e-05,-0.0018048432,1.4748238,335.34998,0.24063186,1.44792,-0.034720004,0.26488453,450.8908267021179
30000,5042.195,1.4448357,1.243172e-05,-0.0012333035,1.4749439,318.7747,0.24060374,1.4474897,-0.03500682,0.26462844,452.36091661453247
30100,5042.195,1.4211944,1.2245689e-05,-0.0012635037,1.4508035,309.61014,0.23913978,1.4480573,-0.03462845,0.2628611,453.80103373527527
30200,5042.195,1.4352292,1.2322093e-05,-0.0006088184,1.4656856,316.93756,0.24004935,1.4480047,-0.0346635,0.26336113,455.39084458351135
30300,5042.195,1.4587055,1.3183111e-05,-0.0011782962,1.4907632,336.16162,0.23847191,1.4481235,-0.034584343,0.2615825,456.8908998966217
30400,5042.195,1.4783373,1.2345816e-05,-0.0008315395,1.5086308,313.39264,0.23857124,1.4478137,-0.034790814,0.26135045,458.4228482246399
30500,5042.195,1.4808997,1.2119507e-05,-0.00033385318,1.5111202,306.57806,0.23784459,1.4478203,-0.034786463,0.2603413,459.90649795532227
30600,5042.195,1.4474084,1.1823322e-05,-0.00094326684,1.476273,298.67233,0.23644567,1.4488909,-0.034072697,0.25860777,461.3788664340973
30700,5042.195,1.4435073,1.1795312e-05,-0.00032179686,1.4729227,299.51007,0.23695096,1.4484997,-0.034333527,0.2587945,462.8623502254486
30800,5042.195,1.4338968,1.0779821e-05,-0.00051296566,1.4605608,278.9454,0.23673369,1.4490994,-0.0339337,0.2582909,464.37081480026245
30900,5042.195,1.4587007,1.1011323e-05,-0.00047874486,1.4859825,281.3775,0.23572218,1.4484837,-0.034344196,0.25696915,465.8208558559418
31000,5042.195,1.4526612,1.1816292e-05,-0.0009537631,1.4814974,297.83813,0.23649816,1.4480635,-0.03462434,0.2574301,467.30085372924805
31100,5042.195,1.4490597,1.1465833e-05,-0.00027903402,1.4776871,289.99023,0.23561713,1.4478835,-0.034744322,0.25625312,468.7409071922302
31200,5042.195,1.470195,1.0081753e-05,-0.00038135223,1.4952308,255.64906,0.23452306,1.4491384,-0.03390771,0.2549728,470.31084656715393
31300,5042.195,1.4494505,1.0752593e-05,-4.692682e-05,1.4765118,274.46332,0.23529302,1.4486816,-0.03421229,0.2552204,471.8213517665863
31400,5042.195,1.4425899,1.0469571e-05,-0.0005590304,1.4684258,265.68173,0.23375764,1.4489237,-0.03405088,0.25334725,473.290864944458
31500,5042.195,1.4554172,1.0735169e-05,-8.178635e-05,1.4823998,271.72992,0.2332183,1.448503,-0.03433132,0.25252038,474.6908366680145
31600,5042.195,1.4502447,1.01150035e-05,0.00020543886,1.475951,256.94083,0.23379558,1.450068,-0.033288002,0.25292894,476.07083892822266
31700,5042.195,1.4266604,1.0302417e-05,1.2788031e-05,1.4526466,261.32132,0.23379026,1.4494964,-0.033669055,0.25242585,477.49385929107666
31800,5042.195,1.4520595,9.932193e-06,0.0003968199,1.4774964,253.03954,0.23379502,1.4485425,-0.034305036,0.2519886,478.96081829071045
31900,5042.195,1.4420007,9.776452e-06,-0.00015599783,1.466492,248.2034,0.23326127,1.4490137,-0.03399086,0.25138804,480.4808690547943
32000,5042.195,1.4513674,9.755708e-06,0.0002519196,1.4762144,247.56207,0.23220287,1.4496489,-0.03356743,0.24991523,482.06372356414795
32100,5042.195,1.4523233,1.0244435e-05,0.0005015398,1.478652,260.85266,0.23326118,1.4495867,-0.033608854,0.25057042,483.60087537765503
32200,5042.195,1.4385942,9.791455e-06,0.00030322082,1.4635828,248.88815,0.23237047,1.449431,-0.033712685,0.24932581,485.09082865715027
32300,5042.195,1.4541802,8.999667e-06,0.0005929062,1.4774622,229.08461,0.2322214,1.4502478,-0.033168137,0.2490061,486.55237436294556
32400,5042.195,1.457534,8.942181e-06,0.00045897666,1.480537,227.53914,0.23239644,1.4495522,-0.03363186,0.24887416,487.9909493923187
32500,5042.195,1.4457364,8.881463e-06,0.0008222326,1.4689497,225.5935,0.232506,1.4495566,-0.03362894,0.24864903,489.4608545303345
32600,5042.195,1.438709,9.65167e-06,0.0007643195,1.4638062,246.3661,0.2305739,1.4507891,-0.03280729,0.2463939,490.8810169696808
32700,5042.195,1.4757311,8.637143e-06,0.00048529098,1.4979916,218.79494,0.2317465,1.4507308,-0.032846153,0.24722363,492.2508556842804
32800,5042.195,1.4411535,7.935183e-06,0.0010918736,1.4622507,200.95288,0.23132342,1.450313,-0.033124685,0.24646863,493.6308605670929
32900,5042.195,1.4585925,8.459987e-06,0.00095026323,1.4808712,215.50336,0.23067231,1.450319,-0.033120632,0.24550909,495.0708384513855
33000,5042.195,1.4704866,8.675843e-06,0.0016914912,1.4940507,217.01547,0.23089416,1.4505509,-0.032966077,0.24546713,496.4908232688904
33100,5042.195,1.4427164,8.668074e-06,0.00096087647,1.4655303,219.48691,0.23043384,1.4505847,-0.032943547,0.24461128,497.9508626461029
33200,5042.195,1.4274446,8.350573e-06,0.0010277953,1.449525,211.99548,0.2306608,1.4511597,-0.03256017,0.24444078,499.3919327259064
33300,5042.195,1.4358764,8.207072e-06,0.0008325103,1.4573997,210.24818,0.22972666,1.4512582,-0.032494545,0.24323362,500.82086277008057
33400,5042.195,1.4340445,7.774077e-06,0.0008007588,1.4544444,197.10971,0.2297334,1.4515152,-0.03232318,0.24296802,502.3408844470978
33500,5042.195,1.4723272,7.5704534e-06,0.0010372946,1.4924504,193.71402,0.22954188,1.4515706,-0.032286227,0.2426428,503.80086731910706
33600,5042.195,1.4498056,7.5222906e-06,0.0013225029,1.4700925,191.42381,0.22994274,1.4507807,-0.032812834,0.24261001,505.49185037612915
33700,5042.195,1.4399554,7.851319e-06,0.0010585751,1.4608079,199.01843,0.22840504,1.452161,-0.031892717,0.24066481,507.0780987739563
33800,5042.195,1.4537163,7.837418e-06,0.0009302777,1.4744055,198.06879,0.22958896,1.4512066,-0.032528937,0.24170451,508.6737563610077
33900,5042.195,1.4575332,7.6070764e-06,0.0013404771,1.4780519,192.93929,0.22989492,1.4521143,-0.03192377,0.2415006,510.1990840435028
34000,5042.195,1.4465336,7.22186e-06,0.00078444736,1.4655249,183.75464,0.22963153,1.4527899,-0.0314734,0.24103911,511.7060070037842
34100,5042.195,1.4564309,7.1204045e-06,0.0012582124,1.4756404,180.71838,0.22916332,1.4520841,-0.031943977,0.2402875,513.2248406410217
34200,5042.195,1.4402834,6.6162097e-06,0.001130763,1.4580944,168.59254,0.22925371,1.4519132,-0.03205782,0.23997366,514.7880864143372
34300,5042.195,1.462312,7.4947e-06,0.0012443772,1.4824513,189.52179,0.22886145,1.4519783,-0.03201443,0.23928723,516.3908550739288
34400,5042.195,1.456796,7.167439e-06,0.0010862718,1.4759521,179.74242,0.22953542,1.4525088,-0.031660795,0.23983084,517.8639001846313
34500,5042.195,1.4194975,7.0361857e-06,0.0011115189,1.4383479,178.53084,0.2282283,1.4526607,-0.031559527,0.23812276,519.2708642482758
34600,5042.195,1.4607959,6.259709e-06,0.0007092213,1.4772863,159.4304,0.22793402,1.4529278,-0.03138143,0.23755933,520.7408764362335
34700,5042.195,1.4162811,7.1506347e-06,0.000906928,1.4352155,182.42084,0.22849078,1.4531088,-0.03126079,0.23770912,522.2210469245911
34800,5042.195,1.458949,6.947218e-06,0.0011144662,1.477578,174.25989,0.22873616,1.4530603,-0.031293154,0.23768497,523.7008893489838
34900,5042.195,1.4761301,6.5456047e-06,0.0014728977,1.4941052,166.00922,0.22834179,1.4525039,-0.031664073,0.23691437,525.2308878898621
35000,5042.195,1.4400042,6.768685e-06,0.0006558659,1.4577247,170.98334,0.22867061,1.4534372,-0.03104186,0.23694716,526.6908640861511
35100,5042.195,1.4574474,6.3760876e-06,0.0010797182,1.4746019,162.26509,0.2274187,1.4536325,-0.030911684,0.2354811,528.1008415222168
35200,5042.195,1.4360853,6.1548544e-06,0.0013330417,1.4529353,156.51927,0.22868662,1.4533114,-0.031125724,0.23652546,529.6709632873535
35300,5042.195,1.4467505,6.6975313e-06,0.0005238661,1.4641596,171.5781,0.2279002,1.4540429,-0.03063804,0.23535012,531.2037494182587
35400,5042.195,1.4535627,6.204863e-06,0.0005860576,1.4697919,160.69038,0.22734231,1.4537936,-0.030804217,0.23446897,532.6608743667603
35500,5042.195,1.4896524,6.3926045e-06,0.0011579408,1.5069268,162.08423,0.22875252,1.4531238,-0.031250775,0.23556492,534.1418859958649
35600,5042.195,1.4499339,6.363113e-06,0.00036601102,1.4663419,162.6861,0.22804874,1.4542453,-0.030503094,0.23451877,535.571863412857
35700,5042.195,1.4338846,5.8955548e-06,0.0011071712,1.4498551,149.48776,0.22810566,1.4540533,-0.030631125,0.23432983,536.9509334564209
35800,5042.195,1.4839097,5.6324047e-06,0.0010153655,1.499125,146.49045,0.22853103,1.4535912,-0.030939162,0.23439017,538.332923412323
35900,5042.195,1.4281281,5.5241453e-06,0.0006728006,1.4427278,140.1613,0.22849452,1.4549156,-0.030056238,0.2341862,539.8107705116272
36000,5042.195,1.433583,6.0131206e-06,0.0008163533,1.449559,152.39494,0.2282351,1.4546254,-0.030249774,0.23354264,541.3219103813171
36100,5042.195,1.4229501,5.662175e-06,0.000790745,1.4380158,143.46405,0.22887345,1.4547051,-0.030196607,0.2339155,542.9469428062439
36200,5042.195,1.4577516,4.962914e-06,0.0004883347,1.4707519,127.37146,0.22854775,1.4551653,-0.029889822,0.2333042,544.5709810256958
36300,5042.195,1.4567609,5.8415876e-06,0.0006264603,1.4721146,148.6913,0.22906213,1.455029,-0.02998066,0.2336032,546.1709282398224
36400,5042.195,1.4582253,5.4443676e-06,0.0007747743,1.4727257,138.19814,0.2285506,1.4548482,-0.03010124,0.23270784,547.760956287384
36500,5042.195,1.4681214,5.1704915e-06,0.00048098213,1.4816377,131.07262,0.22870855,1.4552621,-0.02982527,0.23270388,549.2208826541901
36600,5042.195,1.4749135,5.327053e-06,0.0010474974,1.489391,135.70026,0.22906871,1.4545317,-0.03031224,0.23275976,550.7209980487823
36700,5042.195,1.4515955,5.403798e-06,0.0008228784,1.4660419,137.6388,0.22927442,1.4546106,-0.03025961,0.23265003,552.2108895778656
36800,5042.195,1.4556888,4.876563e-06,0.0012422481,1.4692254,128.07506,0.22887808,1.4554408,-0.02970618,0.23195815,553.7308962345123
36900,5042.195,1.4587779,5.447169e-06,0.00062485033,1.4731356,136.84898,0.22837085,1.4552672,-0.029821873,0.23128042,555.2007305622101
37000,5042.195,1.4620409,5.0892636e-06,0.00081532827,1.4756867,128.28906,0.22924066,1.4548815,-0.030078948,0.23184945,556.6808838844299
37100,5042.195,1.4447794,4.892252e-06,0.0007975713,1.4579109,124.263435,0.22862563,1.4551888,-0.029874146,0.23084986,558.0508861541748
37200,5042.195,1.429326,5.265338e-06,0.00043982052,1.4430403,131.79689,0.22964306,1.4554958,-0.029669464,0.23156585,559.550840139389
37300,5042.195,1.4768081,4.800001e-06,0.00097411004,1.4898834,122.90837,0.2298866,1.455289,-0.02980733,0.23154008,560.9808502197266
37400,5042.195,1.4357759,4.4836156e-06,0.000872503,1.447952,116.01646,0.22991747,1.4555488,-0.029634178,0.23127325,562.5708875656128
37500,5042.195,1.4598136,4.6087416e-06,0.00037320313,1.4718059,116.385216,0.2302366,1.4558662,-0.029422522,0.23140275,564.1308751106262
37600,5042.195,1.4379685,4.7455446e-06,0.0012680722,1.4512005,118.93601,0.23029575,1.4552134,-0.029857695,0.23114109,565.6908609867096
37700,5042.195,1.4746844,4.7533426e-06,0.0007590603,1.487427,120.88001,0.23032142,1.4557294,-0.029513776,0.23094475,567.2708444595337
37800,5042.195,1.4658667,4.6046207e-06,0.0005966651,1.478072,116.09985,0.22978415,1.4556407,-0.029572904,0.23020415,568.6558675765991
37900,5042.195,1.457892,4.526449e-06,0.00072037964,1.470024,114.749725,0.23025294,1.4553138,-0.029790819,0.2303115,570.1109130382538
38000,5042.195,1.464669,4.6813375e-06,0.00061197806,1.4770831,119.00122,0.22982013,1.4557725,-0.029484987,0.22956096,571.5323777198792
38100,5042.195,1.4481069,4.4995772e-06,0.00067301176,1.4601238,114.148186,0.23065281,1.4557481,-0.02950126,0.23007631,573.0508966445923
38200,5042.195,1.4295161,4.64931e-06,0.0009874925,1.442225,116.52343,0.23084769,1.4557585,-0.029494345,0.22994252,574.5503361225128
38300,5042.195,1.455088,4.055944e-06,0.00037023873,1.4656837,103.237946,0.23126334,1.4564253,-0.029049814,0.23015264,575.9478657245636
38400,5042.195,1.4482154,4.4820686e-06,0.0012678744,1.460783,113.668785,0.23131704,1.4551487,-0.029900849,0.22995794,577.4153661727905
38500,5042.195,1.4428701,3.7811571e-06,0.0006984936,1.4531013,96.006134,0.2317262,1.4556475,-0.029568374,0.23003443,578.8958897590637
38600,5042.195,1.4581671,4.432978e-06,0.0006943658,1.4700375,112.62096,0.23096476,1.4562474,-0.029168367,0.2290162,580.362384557724
38700,5042.195,1.40501,4.0126106e-06,0.00027561444,1.4154018,101.565186,0.23191114,1.4564359,-0.02904272,0.22970662,581.8308477401733
38800,5042.195,1.4548542,4.184925e-06,0.0005109385,1.4659158,105.92524,0.23150378,1.4562328,-0.029178143,0.22885823,583.2513816356659
38900,5042.195,1.4678394,4.0488744e-06,0.0009268804,1.4789739,102.30636,0.23169619,1.4565284,-0.02898103,0.22898164,584.7008740901947
39000,5042.195,1.4260775,4.3266396e-06,0.0011155242,1.4381009,106.07931,0.23217826,1.4560415,-0.029305696,0.22907557,586.1523945331573
39100,5042.195,1.456421,3.8947155e-06,0.0005715162,1.4668114,98.94802,0.2320115,1.4563653,-0.029089749,0.22891809,587.6263611316681
39200,5042.195,1.4613471,4.030691e-06,0.0009448822,1.4724537,102.12634,0.2321878,1.4560691,-0.029287279,0.22876394,589.0968651771545
39300,5042.195,1.4687029,3.9464494e-06,0.0006554757,1.4793078,99.94798,0.23234472,1.4563625,-0.029091656,0.22877559,590.6088719367981
39400,5042.195,1.4434125,3.7254836e-06,0.00047310273,1.453278,93.44024,0.23259673,1.4564753,-0.029016495,0.22877908,592.0283672809601
39500,5042.195,1.4568031,3.6868364e-06,0.0008599624,1.4669579,93.852745,0.23282404,1.456257,-0.02916199,0.22860119,593.5108773708344
39600,5042.195,1.4607881,3.915055e-06,0.0006972487,1.4713557,99.45762,0.23282003,1.4559577,-0.029361546,0.22841586,594.9808931350708
39700,5042.195,1.4634016,3.8646467e-06,0.0005075914,1.4736522,98.1635,0.23420474,1.4557843,-0.02947712,0.22952946,596.4109444618225
39800,5042.195,1.4320351,4.2915744e-06,0.00026160936,1.4431162,108.5374,0.23312972,1.456136,-0.029242694,0.2282302,597.901867389679
39900,5042.195,1.4466755,3.8326e-06,0.00023722135,1.4565752,97.23793,0.23305693,1.4565063,-0.028995812,0.22812164,599.356903553009
40000,5042.195,1.4516431,3.6734345e-06,0.00020377082,1.461108,92.5226,0.23327787,1.4564767,-0.029015541,0.22791916,600.8025670051575
40100,5042.195,1.4286877,3.6572828e-06,5.0588907e-05,1.4379586,93.40659,0.23420137,1.4563878,-0.029074848,0.22870679,602.2008624076843
40200,5042.195,1.4506582,3.7870047e-06,0.0006644858,1.46087,96.14474,0.2341025,1.4557835,-0.029477656,0.22829168,603.6608736515045
40300,5042.195,1.4306548,3.556122e-06,0.00030550594,1.4399257,90.20986,0.23432587,1.4564756,-0.029016256,0.22839846,605.0707893371582
40400,5042.195,1.4452636,3.659713e-06,0.00040166773,1.4548917,92.49828,0.2339895,1.4563736,-0.029084265,0.22770174,606.4908802509308
40500,5042.195,1.4618211,3.718002e-06,0.00046075493,1.4716552,94.4828,0.23437634,1.456025,-0.029316664,0.22800505,607.9707221984863
40600,5042.195,1.4574028,3.443631e-06,0.0002528356,1.4663374,87.08266,0.23404343,1.4567734,-0.028817713,0.22738254,609.3908987045288
40700,5042.195,1.4652357,3.473805e-06,0.00061583566,1.4746094,88.43798,0.23514351,1.4562529,-0.029164732,0.22824493,610.7409415245056
40800,5042.195,1.4382936,3.6634563e-06,0.00021960356,1.4477491,92.34982,0.23481694,1.4563538,-0.029097497,0.22760496,612.2208468914032
40900,5042.195,1.4806559,3.4242817e-06,0.00078305224,1.4900719,87.12929,0.23522276,1.4563814,-0.02907902,0.22801226,613.6908621788025
41000,5042.195,1.4437286,3.668626e-06,0.0001729432,1.4531505,92.746826,0.23481718,1.4565992,-0.028933823,0.22734317,615.1409056186676
41100,5042.195,1.4501878,3.1237346e-06,0.0006955452,1.4587586,79.36876,0.23567386,1.4561756,-0.02921629,0.22794773,616.5628933906555
41200,5042.195,1.4499655,3.4165105e-06,0.00013296289,1.4587117,85.75015,0.23498178,1.4568592,-0.028760493,0.22715493,617.950877904892
41300,5042.195,1.4526565,3.2744094e-06,3.351336e-05,1.4609451,83.212135,0.23552236,1.4565294,-0.028980434,0.2275374,619.3909087181091
41400,5042.195,1.4218099,3.5249188e-06,0.00063002267,1.4313266,89.15676,0.23544599,1.4561487,-0.02923417,0.22715633,620.8508989810944
41500,5042.195,1.4422766,3.5196167e-06,4.190981e-05,1.4511919,89.50939,0.23642433,1.456712,-0.028858662,0.22788663,622.2208833694458
41600,5042.195,1.4593672,3.5982878e-06,0.000709203,1.4691479,90.85664,0.23609498,1.4558536,-0.029430926,0.22738734,623.6908736228943
41700,5042.195,1.4549664,3.2377352e-06,0.00043176566,1.4635608,82.61427,0.23689957,1.4563847,-0.029076874,0.22785863,625.2129063606262
41800,5042.195,1.4511957,3.206968e-06,0.0005721988,1.459853,81.68541,0.23689808,1.4563061,-0.029129267,0.2275652,626.6163725852966
41900,5042.195,1.4544095,2.9778773e-06,0.00045862928,1.4623756,75.793976,0.23741554,1.4567419,-0.028838694,0.22791071,628.0173547267914
42000,5042.195,1.4850603,3.1731233e-06,0.00039098808,1.4934511,80.20108,0.23779324,1.4565471,-0.028968573,0.22796911,629.4406464099884
42100,5042.195,1.46594,3.2841401e-06,0.00048733465,1.474707,83.15303,0.23812418,1.4567518,-0.028832138,0.22805129,630.9108762741089
42200,5042.195,1.4742222,3.2279718e-06,1.788684e-06,1.482362,81.72835,0.23861127,1.4566228,-0.028918087,0.22847675,632.3048739433289
42300,5042.195,1.4626967,3.3111266e-06,0.000698848,1.4717431,84.64669,0.2386223,1.4563563,-0.029095829,0.22833772,633.7209701538086
42400,5042.195,1.4729244,3.0889285e-06,0.0007131057,1.4814249,78.33249,0.2384838,1.4559497,-0.02936691,0.22797503,635.0708966255188
42500,5042.195,1.4568672,2.912702e-06,0.00015260857,1.464363,73.82406,0.2380294,1.4567769,-0.028815448,0.227415,636.5048718452454
42600,5042.195,1.4581586,3.1481823e-06,0.0005068599,1.4666023,79.96406,0.23846392,1.4562744,-0.029150426,0.2274962,637.9408893585205
42700,5042.195,1.4434122,2.96502e-06,0.00037609806,1.4512634,75.160545,0.23878224,1.4568996,-0.028733552,0.22762857,639.3709492683411
42800,5042.195,1.458016,3.053377e-06,0.0006667043,1.4663806,77.2644,0.23945208,1.4566725,-0.028884947,0.22801095,640.8424034118652
42900,5042.195,1.4635953,2.9068553e-06,0.00039735937,1.4713211,73.713585,0.2398386,1.4570006,-0.028666258,0.22830382,642.2809000015259
43000,5042.195,1.4709604,3.1132936e-06,1.0459627e-06,1.4788103,76.5745,0.23848006,1.4568276,-0.028781593,0.22681604,643.7510957717896
43100,5042.195,1.4514929,2.8063926e-06,0.0005444947,1.4591126,71.082664,0.23933129,1.4569091,-0.028727293,0.22748248,645.2208616733551
43200,5042.195,1.43514,2.8792394e-06,0.00022741531,1.4426264,71.84277,0.2400439,1.4564888,-0.029007435,0.2280334,646.7273640632629
43300,5042.195,1.4804212,2.922398e-06,0.00047624216,1.488265,73.7839,0.24044888,1.4569153,-0.02872318,0.22831526,648.1408467292786
43400,5042.195,1.4547453,2.9473943e-06,0.0008136439,1.4629896,73.76673,0.23988655,1.4565666,-0.028955638,0.22755866,649.6309680938721
43500,5042.195,1.460644,2.7794276e-06,0.0006458525,1.4682971,70.48761,0.24056132,1.4567299,-0.02884674,0.22806999,651.1714298725128
43600,5042.195,1.4680331,2.9517644e-06,8.2319384e-05,1.4755571,71.69097,0.24048606,1.4570966,-0.028602302,0.22786249,652.6608829498291
43700,5042.195,1.4634706,2.7516037e-06,-3.7894978e-07,1.4704072,69.70741,0.24064487,1.4573766,-0.02841562,0.2278647,654.1158864498138
43800,5042.195,1.4536905,2.7517478e-06,0.0005318751,1.4611598,69.56994,0.24063328,1.4565094,-0.028993785,0.22759572,655.5735132694244
43900,5042.195,1.4570725,2.7294438e-06,0.00026491514,1.4642186,69.3008,0.24062315,1.456925,-0.028716624,0.22746283,656.9909715652466
44000,5042.195,1.4404159,2.8171387e-06,0.0004498065,1.4479679,71.15483,0.24124105,1.4566997,-0.028866827,0.22787885,658.4508938789368
44100,5042.195,1.4767709,2.659751e-06,0.0005252277,1.4840016,67.06707,0.24196815,1.4563328,-0.029111445,0.22834206,659.8909103870392
44200,5042.195,1.4654828,2.6284088e-06,0.00056082424,1.4726702,68.319565,0.2422152,1.4565953,-0.028936446,0.22853087,661.330896615982
44300,5042.195,1.4531298,2.4008339e-06,0.00054603524,1.4597285,60.74048,0.24240507,1.4566435,-0.028904378,0.22860631,662.7908792495728
44400,5042.195,1.4504269,2.698586e-06,0.00014363426,1.457374,68.12874,0.24262066,1.4568775,-0.028748333,0.22856605,664.240884065628
44500,5042.195,1.4664222,2.5955057e-06,0.00031837443,1.4732841,65.601395,0.24265133,1.4568269,-0.02878207,0.22853011,665.6708796024323
44600,5042.195,1.4380977,2.581892e-06,0.000285057,1.4448919,60.855545,0.24282822,1.4568975,-0.028734982,0.2284614,667.1409142017365
44700,5042.195,1.4607857,2.6228545e-06,-8.379993e-05,1.4673144,66.18382,0.24315318,1.4570425,-0.028638363,0.2286084,668.5609121322632
44800,5042.195,1.4370115,2.402765e-06,-6.2543506e-05,1.4430065,60.500984,0.2431027,1.4575138,-0.028324127,0.22839269,669.9910137653351
44900,5042.195,1.4645785,2.7262395e-06,0.0013976338,1.4728492,68.71658,0.24355856,1.4560553,-0.029296458,0.2286504,671.4609363079071
45000,5042.195,1.4743457,2.5389954e-06,0.0005510831,1.4812979,63.57153,0.24427211,1.456733,-0.028844655,0.22923815,672.8708665370941
45100,5042.195,1.4644915,2.330315e-06,0.0007319322,1.4710984,58.98773,0.2441018,1.4570397,-0.02864021,0.22890767,674.370922088623
45200,5042.195,1.4663346,2.4681003e-06,2.9132103e-05,1.472586,64.21576,0.24462868,1.4575462,-0.02830249,0.22935513,675.8317530155182
45300,5042.195,1.4671712,2.4506787e-06,0.00055076415,1.4739003,62.1737,0.2444137,1.4565365,-0.028975666,0.22897442,677.3148987293243
45400,5042.195,1.4755957,2.3493697e-06,0.0006168861,1.4821357,59.537296,0.24449456,1.4568137,-0.028790891,0.22887306,678.7508952617645
45500,5042.195,1.4677876,2.5479264e-06,-9.236586e-06,1.474202,64.69471,0.24486312,1.4576358,-0.028242826,0.22909524,680.1908469200134
45600,5042.195,1.4469922,2.4851502e-06,5.0205577e-05,1.4533076,62.96624,0.2452453,1.4572011,-0.028532565,0.2293628,681.6830797195435
45700,5042.195,1.4675055,2.2217732e-06,0.0007516003,1.4738584,56.181107,0.2453519,1.4567925,-0.028805017,0.2292642,683.1009140014648
45800,5042.195,1.4941769,2.6323899e-06,0.0005542348,1.5013676,66.07961,0.2455335,1.4562316,-0.029178917,0.22943904,684.5309081077576
45900,5042.195,1.4407977,2.2776755e-06,7.623377e-05,1.446616,57.575817,0.24493462,1.4571266,-0.028582275,0.22875714,685.9942021369934
46000,5042.195,1.4502057,2.3800787e-06,0.00029655514,1.4565027,58.985382,0.24594986,1.4569012,-0.028732538,0.22952141,687.4583880901337
46100,5042.195,1.4608755,2.3553393e-06,0.00050391187,1.4673175,59.79704,0.24600162,1.4571737,-0.028550863,0.22952819,688.8811068534851
46200,5042.195,1.4563836,2.4236067e-06,0.0006435686,1.4631374,58.95907,0.24647969,1.4570936,-0.028604269,0.22982578,690.3209149837494
46300,5042.195,1.4835086,2.385576e-06,0.0005654006,1.4900882,61.449623,0.24633975,1.4571583,-0.028561115,0.22954296,691.7208797931671
46400,5042.195,1.4727427,2.4605827e-06,7.7214056e-05,1.4790233,62.104855,0.24703653,1.4572122,-0.028525174,0.23009957,693.2309064865112
46500,5042.195,1.4396676,2.3605776e-06,0.00018747376,1.4458064,59.60561,0.24752216,1.4572458,-0.028502762,0.2304031,694.7109551429749
46600,5042.195,1.4225872,2.0837804e-06,0.00031623564,1.4281569,52.525993,0.24663077,1.4575316,-0.028312266,0.22944121,696.1109268665314
46700,5042.195,1.467444,2.1193691e-06,0.00018714246,1.4729742,53.68324,0.24706489,1.4576544,-0.028230429,0.22981653,697.5308873653412
46800,5042.195,1.4657849,2.121339e-06,0.0003481745,1.4714812,53.273132,0.2477433,1.4570017,-0.028665543,0.2303621,698.9607367515564
46900,5042.195,1.4936082,2.1143726e-06,0.00034169902,1.4992805,53.431664,0.24753796,1.4571131,-0.028591216,0.22995017,700.4409782886505
47000,5042.195,1.4478401,2.034549e-06,0.0007861008,1.4537555,51.21795,0.24854124,1.45702,-0.028653324,0.23069488,701.8909313678741
47100,5042.195,1.486363,2.1703668e-06,0.00097147294,1.4928062,55.1621,0.24809581,1.4563053,-0.029129803,0.23017158,703.3309419155121
47200,5042.195,1.4429287,2.1225762e-06,0.0007159582,1.4489958,55.17833,0.24853486,1.4573367,-0.028442204,0.23048036,704.8009870052338
47300,5042.195,1.4521748,2.0738867e-06,-3.790404e-05,1.4573654,52.50762,0.24835455,1.458099,-0.027934015,0.2302531,706.2608714103699
47400,5042.195,1.4463215,2.189756e-06,0.0006655372,1.4525076,55.58237,0.24882855,1.4569991,-0.028667271,0.23062658,707.6621241569519
47500,5042.195,1.4887868,2.12398e-06,0.00075517554,1.4948968,53.878616,0.24860114,1.4566447,-0.028903544,0.23034108,709.1510400772095
47600,5042.195,1.4677808,2.2840482e-06,0.00082054833,1.4743596,56.439934,0.24852253,1.4567512,-0.028832495,0.23022155,710.7109577655792
47700,5042.195,1.4629921,2.116959e-06,0.0006232338,1.4689524,53.260227,0.24906516,1.4568896,-0.028740227,0.23050965,712.1258447170258
47800,5042.195,1.4577246,2.1320316e-06,0.0007419196,1.4638416,53.576805,0.24946305,1.4569672,-0.02868849,0.23086411,713.5779678821564
47900,5042.195,1.4624664,2.1076924e-06,0.00041263102,1.4681927,53.330982,0.24946211,1.4571444,-0.028570414,0.23075783,715.0309271812439
48000,5042.195,1.4526557,2.1287847e-06,0.0002525507,1.4582752,53.47396,0.24914777,1.4566969,-0.028868735,0.23036093,716.4409174919128
48100,5042.195,1.4673889,1.8428442e-06,0.0005063418,1.4725412,46.71248,0.24991223,1.4567622,-0.028825223,0.23106007,717.8909556865692
48200,5042.195,1.4645371,2.0134892e-06,0.0005830657,1.4701964,50.631344,0.24953029,1.4575232,-0.028317869,0.230476,719.2609257698059
48300,5042.195,1.4358618,2.0158143e-06,0.0006328491,1.4415767,51.110916,0.25055328,1.4569534,-0.02869773,0.23136114,720.6509273052216
48400,5042.195,1.4643914,1.9464555e-06,0.0005343395,1.4698329,49.064167,0.25074524,1.4570978,-0.028601468,0.23133266,722.0974316596985
48500,5042.195,1.4609263,1.9568354e-06,0.00057501136,1.4664347,50.26023,0.25064304,1.4572692,-0.028487206,0.23119387,723.5284495353699
48600,5042.195,1.474533,1.9903894e-06,0.0009386428,1.4804896,50.659832,0.250587,1.45652,-0.028986692,0.23108499,724.9708721637726
48700,5042.195,1.4356748,1.9661286e-06,0.00067081186,1.4413024,49.484535,0.25126654,1.4569908,-0.028672755,0.23172723,726.4208965301514
48800,5042.195,1.4556099,1.747245e-06,0.0006937095,1.4607086,44.342964,0.25115195,1.4570671,-0.028621912,0.23145516,727.8810801506042
48900,5042.195,1.4606799,1.7498629e-06,0.0008550259,1.4659464,44.29764,0.25088844,1.4574993,-0.028333843,0.23109643,729.3210031986237
49000,5042.195,1.4604024,1.8331374e-06,0.0005453436,1.4655693,45.553867,0.25190154,1.4565564,-0.028962374,0.23213048,730.7528872489929
49100,5042.195,1.4448345,2.0453151e-06,0.0008793748,1.4508703,51.786102,0.25212035,1.4565876,-0.028941631,0.23202674,732.2229342460632
49200,5042.195,1.4715403,1.8403085e-06,0.00035075206,1.4765307,46.2191,0.2518897,1.4575677,-0.028288186,0.23176193,733.630889415741
49300,5042.195,1.4609532,1.6779147e-06,0.00040032438,1.4655837,42.39164,0.25259817,1.4573982,-0.028401196,0.23228295,735.0899002552032
49400,5042.195,1.4613271,1.8583949e-06,0.0001723438,1.4661846,46.81421,0.2524952,1.4578053,-0.028129816,0.23217201,736.5036857128143
49500,5042.195,1.476741,1.8164056e-06,0.0002397314,1.48156,46.067715,0.25270203,1.4578941,-0.028070629,0.23227663,738.0109305381775
49600,5042.195,1.4602135,1.7895674e-06,0.00070242706,1.4654276,45.66458,0.25292423,1.4573618,-0.028425455,0.2324544,739.4409177303314
49700,5042.195,1.4416175,1.8013891e-06,0.0001914375,1.4463505,45.198837,0.25361052,1.4576695,-0.028220356,0.23302424,740.8649363517761
49800,5042.195,1.4377674,1.6714716e-06,0.00042047672,1.4424018,41.91663,0.25373942,1.4573157,-0.028456211,0.23309977,742.3159472942352
49900,5042.195,1.4462247,1.6913341e-06,-0.00022222789,1.4502665,42.86855,0.25298908,1.4578588,-0.028094113,0.23231064,743.784895658493
50000,5042.195,1.4450935,1.8168399e-06,0.00089127274,1.4505652,46.067116,0.2540028,1.4568553,-0.028763115,0.23316179,745.1809592247009
